department,course_title,meeting_type,weekdays,start_time,end_time,class_time,room,building
AFR,Intro to Africana Studies,lecture,MWF,1530,1620,0330 - 0420pm,2187,Chambers Building
AFR,Research Methods,lecture,TR,0940,1055,0940 - 1055am,1086,Chambers Building
AFR,"Race, Policing, and Justice",lecture,TR,1340,1455,0140 - 0255pm,109,Cunningham Fine Arts
AFR,Race and Campus Histories,lecture,TR,1215,1330,1215 - 0130pm,1006,Chambers Building
AFR,"Race, Gender, and Tourism ",lecture,MW,1430,1545,0230 - 0345pm,3209,Chambers Building
AFR,Black Sexual Geographies,lecture,TR,1505,1620,0305 - 0420pm,109,Cunningham Fine Arts
AFR,Approaches to African Art,lecture,MWF,1230,1320,1230 - 0120pm,2187,Chambers Building
AFR,Race and Homelessness,lecture,W,1330,1620,0130 - 0420pm,201,Sloan Music Building
AFR,Empire & American Culture,lecture,MWF,1030,1120,1030 - 1120am,2068,Chambers Building
AFR,W. E. B. Du Bois at Large,lecture,TR,0815,0930,0815 - 0930am,3187,Chambers Building
AFR,Decolonizing Develop in Africa,lecture,T,1340,1620,0140 - 0420pm,1006,Chambers Building
AFR,Politics of Joy,lecture,W,1330,1620,0130 - 0420pm,111,Cunningham Fine Arts
AFR,Africana Capstone,lecture,,,,TBA ,,
AFR,Listening at the Margins,lecture,,,,TBA ,,
AFR,Urban Africa/Popular Culture,lecture,TR,1340,1455,0140 - 0255pm,HANCE,Chambers Building
AFR,Place & Nation in Mod Lat Amer,lecture,MWF,1030,1120,1030 - 1120am,3106,Chambers Building
AFR,Age of Revolution: US in 1960s,lecture,W,1330,1620,0130 - 0420pm,108,Visual Arts Center
AFR,Afro-Brazilian History & Cultu,lecture,TR,1505,1620,0305 - 0420pm,1003,Chambers Building
ANT,Maroon Societies,lecture,TR,1215,1330,1215 - 0130pm,2068,Chambers Building
ANT,Urban Africa/Popular Culture,lecture,TR,1340,1455,0140 - 0255pm,HANCE,Chambers Building
ANT,"Science, Policy, and Society",lecture,MWF,1030,1120,1030 - 1120am,109,Cunningham Fine Arts
ANT,Racial Justice Seminar ,lecture,TR,0940,1055,0940 - 1055am,153,Dana Science Building
ANT,Bioarchaeology,lecture,MWF,0930,1020,0930 - 1020am,2198,Chambers Building
ANT,Spec Topics in ANT: Folklore,lecture,MWF,0930,1020,0930 - 1020am,3155,Chambers Building
ANT,Religion in Latin America,lecture,MW,1430,1545,0230 - 0345pm,1096,Chambers Building
ANT,Decolonizing Anthro Theory,lecture,TR,1505,1620,0305 - 0420pm,3106,Chambers Building
ANT,Methods in Forensic Anthro,lecture,F,1330,1620,0130 - 0420pm,2196,Chambers Building
ANT,Artifacts and Archives,lecture,W,1330,1620,0130 - 0420pm,B022,Chambers Building
ANT,Housing & Gentrification,lecture,,,,TBA ,,
ANT,Honors Thesis,lecture,,,,TBA ,,
ARB,Elementary Arabic II,lecture,MWF,1030,1120,1030 - 1120am,3234,Chambers Building
ARB,Intermediate Arabic II,lecture,MWF,0930,1020,0930 - 1020am,3234,Chambers Building
ARB,Politics Through NA Media,lecture,,,,TBA ,,
ARB,Arabic Media & Politics,lecture,,,,TBA ,,
ARB,Arabic and Education,lecture,,,,TBA ,,
ARB, Politics Through Satire,lecture,,,,TBA ,,
ARB,Arab Diasporic Politics,lecture,,,,TBA ,,
ARB,Accelerated Persian,lecture,,,,TBA ,,
ARB,Arabic Economics,lecture,,,,TBA ,,
ARB,Honor & Shame in Arab Society,lecture,,,,TBA ,,
ARB,"Mid East,610-1453:Formtn Islam",lecture,MWF,1130,1220,1130 - 1220pm,3106,Chambers Building
ARB,Theory & Prac Literature,lecture,W,1330,1620,0130 - 0420pm,3187,Chambers Building
ARB,Political Islam,lecture,T,1340,1620,0140 - 0420pm,1096,Chambers Building
ART,Approaches to African Art,lecture,MWF,1230,1320,1230 - 0120pm,2187,Chambers Building
ART,Basic Drawing,lecture,M,1330,1620,0130 - 0420pm,203,Visual Arts Center
ART,Basic Drawing,lecture,M,1330,1620,0130 - 0420pm,203,Visual Arts Center
ART,Basic Drawing,lecture,TR,0940,1055,0940 - 1055am,203,Visual Arts Center
ART,Basic Drawing,lecture,TR,0940,1055,0940 - 1055am,203,Visual Arts Center
ART,Asian Art After 1000,lecture,TR,1215,1330,1215 - 0130pm,117,Visual Arts Center
ART,Introduction to Digital Art,lecture,TR,0940,1055,0940 - 1055am,212,Visual Arts Center
ART,Introduction to Digital Art,lecture,TR,0940,1055,0940 - 1055am,212,Visual Arts Center
ART,Advanced Painting,lecture,M,1330,1620,0130 - 0420pm,214,Visual Arts Center
ART,Advanced Printmaking,lecture,TR,1215,1330,1215 - 0130pm,104,Visual Arts Center
ART,Advanced Digital Art,lecture,TR,1215,1330,1215 - 0130pm,212,Visual Arts Center
ART,The Arts Along the Silk Roads,lecture,MW,1430,1545,0230 - 0345pm,117,Visual Arts Center
ART,From Agra to Istanbul,lecture,TR,1340,1455,0140 - 0255pm,117,Visual Arts Center
ART,Critical Theory for Vis. Stud,lecture,MWF,0830,0920,0830 - 0920am,108,Visual Arts Center
ART,Topics in Sculpture,lecture,W,1330,1620,0130 - 0420pm,106,Visual Arts Center
ART,Topics in Sculpture,lecture,T,1340,1620,0140 - 0420pm,106,Visual Arts Center
ART,Buying and Collecting Art,lecture,TR,1505,1620,0305 - 0420pm,108,Visual Arts Center
ART,Independent Study,lecture,,,,TBA ,,
ART,20th Century Art,lecture,,,,TBA ,,
ART,Sasanian Art,lecture,,,,TBA ,,
ART,Material Study,lecture,,,,TBA ,,
ART,"Water, Ice, Paint",lecture,,,,TBA ,,
ART,Independent Study,lecture,,,,TBA ,,
ART,Botanical Art in 21st Century,lecture,,,,TBA ,,
ART,Senior Exhibition,lecture,,,,TBA ,,
ART,Junior Advanced Study,lecture,W,1330,1620,0130 - 0420pm,223,Visual Arts Center
ART,Senior Honors Thesis,lecture,MW,0805,0920,0805 - 0920am,117,Visual Arts Center
ART,Greek and Roman Athletics,lecture,MWF,1330,1420,0130 - 0220pm,HANCE,Chambers Building
ART,Filmmaking,lecture,T,1340,1620,0140 - 0420pm,212,Visual Arts Center
ART,Advanced Filmmaking,lecture,R,1340,1620,0140 - 0420pm,212,Visual Arts Center
ART,Scene Painting,lecture,F,1030,1320,1030 - 0120pm,130,Cunningham Fine Arts
BIO,Biology for Life +Lab,second meeting time,T,0815,1055,0815 - 1055am,149,Wall Academic Center
BIO,Biology for Life +Lab,lecture,MWF,1130,1220,1130 - 1220pm,210,Wall Academic Center
BIO,Biology for Life +Lab,second meeting time,T,1340,1620,0140 - 0420pm,149,Wall Academic Center
BIO,Biology for Life +Lab,lecture,MWF,1130,1220,1130 - 1220pm,210,Wall Academic Center
BIO,"Molecules, Genes, & Cells +Lab",second meeting time,T,0815,1055,0815 - 1055am,104,Wall Academic Center
BIO,"Molecules, Genes, & Cells +Lab",lecture,MWF,1230,1320,1230 - 0120pm,320,Wall Academic Center
BIO,"Molecules, Genes, & Cells +Lab",second meeting time,T,1340,1620,0140 - 0420pm,104,Wall Academic Center
BIO,"Molecules, Genes, & Cells +Lab",lecture,MWF,1230,1320,1230 - 0120pm,320,Wall Academic Center
BIO,"Molecules, Genes, & Cells +Lab",second meeting time,W,0830,1120,0830 - 1120am,104,Wall Academic Center
BIO,"Molecules, Genes, & Cells +Lab",lecture,TR,1505,1620,0305 - 0420pm,320,Wall Academic Center
BIO,"Molecules, Genes, & Cells +Lab",second meeting time,W,1330,1620,0130 - 0420pm,104,Wall Academic Center
BIO,"Molecules, Genes, & Cells +Lab",lecture,TR,1505,1620,0305 - 0420pm,320,Wall Academic Center
BIO,"Molecules, Genes, & Cells +Lab",second meeting time,R,0815,1055,0815 - 1055am,104,Wall Academic Center
BIO,"Molecules, Genes, & Cells +Lab",lecture,MWF,1130,1220,1130 - 1220pm,243,Wall Academic Center
BIO,"Molecules, Genes, & Cells +Lab",second meeting time,R,1340,1620,0140 - 0420pm,104,Wall Academic Center
BIO,"Molecules, Genes, & Cells +Lab",lecture,MWF,1130,1220,1130 - 1220pm,243,Wall Academic Center
BIO,"Evolution,Physiol,Ecology +Lab",second meeting time,M,1330,1620,0130 - 0420pm,245,Wall Academic Center
BIO,"Evolution,Physiol,Ecology +Lab",lecture,MWF,0930,1020,0930 - 1020am,243,Wall Academic Center
BIO,"Evolution,Physiol,Ecology +Lab",second meeting time,T,1340,1620,0140 - 0420pm,245,Wall Academic Center
BIO,"Evolution,Physiol,Ecology +Lab",lecture,MWF,0930,1020,0930 - 1020am,243,Wall Academic Center
BIO,"Evolution,Physiol,Ecology +Lab",second meeting time,T,0815,1055,0815 - 1055am,245,Wall Academic Center
BIO,"Evolution,Physiol,Ecology +Lab",lecture,TR,1340,1455,0140 - 0255pm,210,Wall Academic Center
BIO,"Evolution,Physiol,Ecology +Lab",second meeting time,R,0815,1055,0815 - 1055am,245,Wall Academic Center
BIO,"Evolution,Physiol,Ecology +Lab",lecture,TR,1340,1455,0140 - 0255pm,210,Wall Academic Center
BIO,"Evolution,Physiol,Ecology +Lab",second meeting time,W,1330,1620,0130 - 0420pm,245,Wall Academic Center
BIO,"Evolution,Physiol,Ecology +Lab",lecture,MWF,0830,0920,0830 - 0920am,210,Wall Academic Center
BIO,"Evolution,Physiol,Ecology +Lab",second meeting time,R,1340,1620,0140 - 0420pm,245,Wall Academic Center
BIO,"Evolution,Physiol,Ecology +Lab",lecture,MWF,0830,0920,0830 - 0920am,210,Wall Academic Center
BIO,Genetics +Lab,second meeting time,T,0815,1055,0815 - 1055am,316,Wall Academic Center
BIO,Genetics +Lab,lecture,MWF,0930,1020,0930 - 1020am,320,Wall Academic Center
BIO,Genetics +Lab,second meeting time,T,1340,1620,0140 - 0420pm,316,Wall Academic Center
BIO,Genetics +Lab,lecture,MWF,0930,1020,0930 - 1020am,320,Wall Academic Center
BIO,Microbiology +Lab,second meeting time,T,1340,1620,0140 - 0420pm,218,Wall Academic Center
BIO,Microbiology +Lab,lecture,MWF,1230,1320,1230 - 0120pm,210,Wall Academic Center
BIO,Microbiology +Lab,second meeting time,W,1330,1620,0130 - 0420pm,218,Wall Academic Center
BIO,Microbiology +Lab,lecture,MWF,1230,1320,1230 - 0120pm,210,Wall Academic Center
BIO,Human Form and Function +Lab,second meeting time,M,1330,1620,0130 - 0420pm,118,Wall Academic Center
BIO,Human Form and Function +Lab,lecture,TR,0940,1055,0940 - 1055am,3106,Chambers Building
BIO,Human Form and Function +Lab,second meeting time,T,1340,1620,0140 - 0420pm,118,Wall Academic Center
BIO,Human Form and Function +Lab,lecture,TR,0940,1055,0940 - 1055am,3106,Chambers Building
BIO,Compar Neuroendocrinology +Lab,second meeting time,W,1330,1620,0130 - 0420pm,143,Wall Academic Center
BIO,Compar Neuroendocrinology +Lab,lecture,TR,1215,1330,1215 - 0130pm,243,Wall Academic Center
BIO,Compar Neuroendocrinology +Lab,second meeting time,R,1340,1620,0140 - 0420pm,143,Wall Academic Center
BIO,Compar Neuroendocrinology +Lab,lecture,TR,1215,1330,1215 - 0130pm,243,Wall Academic Center
BIO,Evolutionary Biology +Lab,second meeting time,R,1340,1620,0140 - 0420pm,328,Wall Academic Center
BIO,Evolutionary Biology +Lab,lecture,TR,0815,0930,0815 - 0930am,210,Wall Academic Center
BIO,Evolutionary Biology +Lab,second meeting time,W,1330,1620,0130 - 0420pm,328,Wall Academic Center
BIO,Evolutionary Biology +Lab,lecture,TR,0815,0930,0815 - 0930am,210,Wall Academic Center
BIO,Animal Behavior +Lab,second meeting time,W,1330,1620,0130 - 0420pm,149,Wall Academic Center
BIO,Animal Behavior +Lab,lecture,TR,1215,1330,1215 - 0130pm,210,Wall Academic Center
BIO,Animal Behavior +Lab,second meeting time,R,1340,1620,0140 - 0420pm,149,Wall Academic Center
BIO,Animal Behavior +Lab,lecture,TR,1215,1330,1215 - 0130pm,210,Wall Academic Center
BIO,Parasites and Pathogens,lecture,TR,0940,1055,0940 - 1055am,100,Sloan Music Building
BIO,Marine Biology,lecture,MWF,1330,1420,0130 - 0220pm,210,Wall Academic Center
BIO,Biostats for Life Scientists,lecture,TR,0815,0930,0815 - 0930am,106,Wall Academic Center
BIO,Biostats for Life Scientists,lecture,TR,1340,1455,0140 - 0255pm,106,Wall Academic Center
BIO,Biostats for Life Scientists,lecture,TR,0940,1055,0940 - 1055am,380,Wall Academic Center
BIO,Antiracist Physiol & Medicine,lecture,TR,1215,1330,1215 - 0130pm,320,Wall Academic Center
BIO,"Genetics, Gender, Disability",lecture,MW,1430,1545,0230 - 0345pm,243,Wall Academic Center
BIO,Biochemistry +Lab,second meeting time,W,1330,1620,0130 - 0420pm,316,Wall Academic Center
BIO,Biochemistry +Lab,lecture,MWF,1030,1120,1030 - 1120am,100,Sloan Music Building
BIO,Biochemistry +Lab,second meeting time,R,1340,1620,0140 - 0420pm,316,Wall Academic Center
BIO,Biochemistry +Lab,lecture,MWF,1030,1120,1030 - 1120am,100,Sloan Music Building
BIO,Genomics,lecture,MWF,0930,1020,0930 - 1020am,210,Wall Academic Center
BIO,Laboratory Methods in Genomics,lecture,TR,0940,1055,0940 - 1055am,B05,Wall Academic Center
BIO,"Molec, Cell, Neurobio Research",lecture,MWF,1330,1420,0130 - 0220pm,243,Wall Academic Center
BIO,Biology of Cancer,lecture,TR,0815,0930,0815 - 0930am,3234,Chambers Building
BIO,Biology of Cancer,lecture,TR,0940,1055,0940 - 1055am,3234,Chambers Building
BIO,Directed Reading in Biology,lecture,,,,TBA ,,
BIO,Directed Reading in Biology,lecture,,,,TBA ,,
BIO,Research in Biology I,lecture,,,,TBA ,,
BIO,Research in Biology I,lecture,,,,TBA ,,
BIO,Research in Biology I,lecture,,,,TBA ,,
BIO,Research in Biology I,lecture,,,,TBA ,,
BIO,Research in Biology I,lecture,,,,TBA ,,
BIO,Research in Biology I,lecture,,,,TBA ,,
BIO,Research in Biology I,lecture,,,,TBA ,,
BIO,Research in Biology I,lecture,,,,TBA ,,
BIO,Research in Biology I,lecture,,,,TBA ,,
BIO,Research in Biology I,lecture,,,,TBA ,,
BIO,Research in Biology II,lecture,,,,TBA ,,
BIO,Research in Biology II,lecture,,,,TBA ,,
BIO,Research in Biology II,lecture,,,,TBA ,,
BIO,Research in Biology II,lecture,,,,TBA ,,
BIO,Research in Biology II,lecture,,,,TBA ,,
BIO,Research in Biology II,lecture,,,,TBA ,,
BIO,Research in Biology III,lecture,,,,TBA ,,
BIO,Research in Biology III,lecture,,,,TBA ,,
BIO,Research in Biology III,lecture,,,,TBA ,,
BIO,Research in Biology III,lecture,,,,TBA ,,
BIO,Research in Biology IV,lecture,,,,TBA ,,
BIO,Thesis in Biology,lecture,,,,TBA ,,
BIO,Thesis in Biology,lecture,,,,TBA ,,
BIO,Thesis in Biology,lecture,,,,TBA ,,
BIO,Thesis in Biology,lecture,,,,TBA ,,
BIO,Thesis in Biology,lecture,,,,TBA ,,
BIO,Thesis in Biology,lecture,,,,TBA ,,
BIO,Maternal & Fetal Health,lecture,TR,1215,1330,1215 - 0130pm,2234,Chambers Building
BIO,Intro to Biological Chem +Lab,second meeting time,M,1330,1620,0130 - 0420pm,335,Wall Academic Center
BIO,Intro to Biological Chem +Lab,lecture,TR,1215,1330,1215 - 0130pm,157,Watson Life Sciences Building
BIO,Intro to Biological Chem +Lab,second meeting time,T,1340,1620,0140 - 0420pm,335,Wall Academic Center
BIO,Intro to Biological Chem +Lab,lecture,TR,1215,1330,1215 - 0130pm,157,Watson Life Sciences Building
BIO,Sem in Biological Chemistry,lecture,TR,1215,1330,1215 - 0130pm,1096,Chambers Building
BIO,Functional Neuroanatomy,lecture,W,1330,1620,0130 - 0420pm,307,Wall Academic Center
CHE,Biochemistry +Lab,second meeting time,W,1330,1620,0130 - 0420pm,316,Wall Academic Center
CHE,Biochemistry +Lab,lecture,MWF,1030,1120,1030 - 1120am,100,Sloan Music Building
CHE,Biochemistry +Lab,second meeting time,R,1340,1620,0140 - 0420pm,316,Wall Academic Center
CHE,Biochemistry +Lab,lecture,MWF,1030,1120,1030 - 1120am,100,Sloan Music Building
CHE,Principles of Chemistry +Lab,second meeting time,M,1330,1620,0130 - 0420pm,110,Wall Academic Center
CHE,Principles of Chemistry +Lab,lecture,MWF,1130,1220,1130 - 1220pm,106,Wall Academic Center
CHE,Principles of Chemistry +Lab,second meeting time,T,1340,1620,0140 - 0420pm,110,Wall Academic Center
CHE,Principles of Chemistry +Lab,lecture,MWF,1130,1220,1130 - 1220pm,106,Wall Academic Center
CHE,Principles of Chemistry +Lab,second meeting time,W,1330,1620,0130 - 0420pm,110,Wall Academic Center
CHE,Principles of Chemistry +Lab,lecture,MWF,1030,1120,1030 - 1120am,320,Wall Academic Center
CHE,Principles of Chemistry +Lab,second meeting time,R,1340,1620,0140 - 0420pm,110,Wall Academic Center
CHE,Principles of Chemistry +Lab,lecture,MWF,1030,1120,1030 - 1120am,320,Wall Academic Center
CHE,Intro to Analytical Chem +Lab,second meeting time,M,1330,1620,0130 - 0420pm,235,Wall Academic Center
CHE,Intro to Analytical Chem +Lab,lecture,MWF,1030,1120,1030 - 1120am,243,Wall Academic Center
CHE,Intro to Analytical Chem +Lab,second meeting time,T,1340,1620,0140 - 0420pm,235,Wall Academic Center
CHE,Intro to Analytical Chem +Lab,lecture,MWF,1030,1120,1030 - 1120am,243,Wall Academic Center
CHE,Intro to Biological Chem +Lab,second meeting time,M,1330,1620,0130 - 0420pm,335,Wall Academic Center
CHE,Intro to Biological Chem +Lab,lecture,TR,1215,1330,1215 - 0130pm,157,Watson Life Sciences Building
CHE,Intro to Biological Chem +Lab,second meeting time,T,1340,1620,0140 - 0420pm,335,Wall Academic Center
CHE,Intro to Biological Chem +Lab,lecture,TR,1215,1330,1215 - 0130pm,157,Watson Life Sciences Building
CHE,Intro to Inorganic Chem +Lab,second meeting time,W,1330,1620,0130 - 0420pm,235,Wall Academic Center
CHE,Intro to Inorganic Chem +Lab,lecture,TR,0940,1055,0940 - 1055am,320,Wall Academic Center
CHE,Intro to Inorganic Chem +Lab,second meeting time,R,1340,1620,0140 - 0420pm,235,Wall Academic Center
CHE,Intro to Inorganic Chem +Lab,lecture,TR,0940,1055,0940 - 1055am,320,Wall Academic Center
CHE,Intro to Organic Chem +Lab,second meeting time,M,1330,1620,0130 - 0420pm,310,Wall Academic Center
CHE,Intro to Organic Chem +Lab,lecture,MWF,0830,0920,0830 - 0920am,106,Wall Academic Center
CHE,Intro to Organic Chem +Lab,second meeting time,T,0815,1055,0815 - 1055am,310,Wall Academic Center
CHE,Intro to Organic Chem +Lab,lecture,MWF,0830,0920,0830 - 0920am,106,Wall Academic Center
CHE,Intro to Organic Chem +Lab,second meeting time,T,1340,1620,0140 - 0420pm,310,Wall Academic Center
CHE,Intro to Organic Chem +Lab,lecture,MWF,1130,1220,1130 - 1220pm,320,Wall Academic Center
CHE,Intro to Organic Chem +Lab,second meeting time,W,1330,1620,0130 - 0420pm,310,Wall Academic Center
CHE,Intro to Organic Chem +Lab,lecture,MWF,1130,1220,1130 - 1220pm,320,Wall Academic Center
CHE,Experimtl Organic Chem +Lab,second meeting time,R,0815,1055,0815 - 1055am,310,Wall Academic Center
CHE,Experimtl Organic Chem +Lab,lecture,MWF,0930,1020,0930 - 1020am,106,Wall Academic Center
CHE,Experimtl Organic Chem +Lab,second meeting time,R,1340,1620,0140 - 0420pm,310,Wall Academic Center
CHE,Experimtl Organic Chem +Lab,lecture,MWF,0930,1020,0930 - 1020am,106,Wall Academic Center
CHE,Experimtl Organic Chem +Lab,second meeting time,F,0830,1120,0830 - 1120am,310,Wall Academic Center
CHE,Experimtl Organic Chem +Lab,lecture,MW,0805,0920,0805 - 0920am,140,Watson Life Sciences Building
CHE,Experimtl Organic Chem +Lab,second meeting time,F,1330,1620,0130 - 0420pm,310,Wall Academic Center
CHE,Experimtl Organic Chem +Lab,lecture,MW,0805,0920,0805 - 0920am,140,Watson Life Sciences Building
CHE,Quantm Chem & Spectroscopy+Lab,second meeting time,M,1330,1620,0130 - 0420pm,351,Wall Academic Center
CHE,Quantm Chem & Spectroscopy+Lab,lecture,MWF,0830,0920,0830 - 0920am,243,Wall Academic Center
CHE,Quantm Chem & Spectroscopy+Lab,second meeting time,T,1340,1620,0140 - 0420pm,351,Wall Academic Center
CHE,Quantm Chem & Spectroscopy+Lab,lecture,MWF,0830,0920,0830 - 0920am,243,Wall Academic Center
CHE,Organic Spectroscopy,lecture,MWF,1230,1320,1230 - 0120pm,307,Wall Academic Center
CHE,Literature Investigation,lecture,,,,TBA ,,
CHE,Laboratory Research I,lecture,,,,TBA ,,
CHE,Lab Research I: Glycoscience,lecture,,,,TBA ,,
CHE,Biocatalysis Research,lecture,,,,TBA ,,
CHE,Chemical Ecology Research,lecture,,,,TBA ,,
CHE,Polymer Research,lecture,,,,TBA ,,
CHE,Exploring Iron Catalysis II,lecture,,,,TBA ,,
CHE,Laboratory Research I,lecture,,,,TBA ,,
CHE,Energy Research,lecture,,,,TBA ,,
CHE,Chemical Ecology Research,lecture,,,,TBA ,,
CHE,Carbon Dioxide Hydrogenation,lecture,,,,TBA ,,
CHE,Phosphorus Catalyst Research,lecture,,,,TBA ,,
CHE,Lab Research II: Glycoscience,lecture,,,,TBA ,,
CHE,Polymer Research,lecture,,,,TBA ,,
CHE,Enzyme Engineering Research,lecture,,,,TBA ,,
CHE,Laboratory Research II,lecture,,,,TBA ,,
CHE,Green Chemistry Research,lecture,,,,TBA ,,
CHE,Sem in Biological Chemistry,lecture,TR,1215,1330,1215 - 0130pm,1096,Chambers Building
CHE,Seminar in Organic Chemistry,lecture,MWF,1130,1220,1130 - 1220pm,307,Wall Academic Center
CHE,Biocatalysis Research IV,lecture,,,,TBA ,,
CHE,Senior Res. I: Glycoscience,lecture,,,,TBA ,,
CHE,Advance Inorganic Research,lecture,,,,TBA ,,
CHE,Senior Research II,lecture,,,,TBA ,,
CHE,Polymer Research,lecture,,,,TBA ,,
CHE,Senior Res. II: Glycoscience,lecture,,,,TBA ,,
CHE,Honors Polymer Research,lecture,,,,TBA ,,
CHE,Honors Research: Glycoscience,lecture,,,,TBA ,,
CHE,Honors Thesis Research,lecture,,,,TBA ,,
CHE,Calculus II,lecture,MWF,0930,1020,0930 - 1020am,HANCE,Chambers Building
CHE,Calculus II,lecture,MWF,1230,1320,1230 - 0120pm,119,Watson Life Sciences Building
CHE,Multivar Calculus & Modeling,lecture,MWF,1230,1320,1230 - 0120pm,147,Watson Life Sciences Building
CHE,General Physics II Studio +Lab,lecture,MWF,0830,1020,0830 - 1020am,127,Dana Science Building
CHE,General Physics II Studio +Lab,lecture,MWF,0830,1020,0830 - 1020am,127,Dana Science Building
CHE,Gen PhysicsII +Calc:Studio+Lab,lecture,MWF,1030,1220,1030 - 1220pm,127,Dana Science Building
CHE,Gen PhysicsII +Calc:Studio+Lab,lecture,MWF,1030,1220,1030 - 1220pm,127,Dana Science Building
CHE,Gen PhysicsII +Calc:Studio+Lab,lecture,MWF,1230,1420,1230 - 0220pm,127,Dana Science Building
CHE,Gen PhysicsII +Calc:Studio+Lab,lecture,MWF,1230,1420,1230 - 0220pm,127,Dana Science Building
CHI,Asian Art After 1000,lecture,TR,1215,1330,1215 - 0130pm,117,Visual Arts Center
CHI,Elementary Chinese II,lecture,MWF,0930,1020,0930 - 1020am,B027,Chambers Building
CHI,Elementary Chinese II,lecture,MWF,1030,1120,1030 - 1120am,B027,Chambers Building
CHI,Intermediate Chinese II,lecture,MWF,1330,1420,0130 - 0220pm,2187,Chambers Building
CHI,Engendering Chinese Cinema,lecture,W,1330,1620,0130 - 0420pm,3068,Chambers Building
CHI,Advanced Chinese II,lecture,TR,1215,1330,1215 - 0130pm,3209,Chambers Building
CHI,Advanced Chinese,lecture,TR,1340,1455,0140 - 0255pm,3209,Chambers Building
CHI,Chinese Cinema,lecture,,,,TBA ,,
CHI,Literary Analysis,lecture,TR,1340,1455,0140 - 0255pm,109,Watson Life Sciences Building
CHI,Literary Analysis,lecture,MWF,1130,1220,1130 - 1220pm,2084,Chambers Building
CHI,Literary Criticism and Theory,lecture,W,1330,1620,0130 - 0420pm,140,Watson Life Sciences Building
CHI,Modern China,lecture,MWF,1330,1420,0130 - 0220pm,3106,Chambers Building
CHI,Theory & Prac Literature,lecture,W,1330,1620,0130 - 0420pm,3187,Chambers Building
CHI,Rise of China,lecture,R,1340,1620,0140 - 0420pm,2209,Chambers Building
CLA,Athenian Law in Action,lecture,MWF,0830,0920,0830 - 0920am,3106,Chambers Building
CLA,Families of Anc Mediterranean,lecture,MW,1430,1545,0230 - 0345pm,2068,Chambers Building
CLA,Greek and Roman Athletics,lecture,MWF,1330,1420,0130 - 0220pm,HANCE,Chambers Building
CLA,In Search of Ariadne,lecture,,,,TBA ,,
CLA,Coins and the Ancient Economy,lecture,TR,1340,1455,0140 - 0255pm,3196,Chambers Building
CLA,Honors Thesis,lecture,,,,TBA ,,
CLA,IntensAncientGreek (2 credits),second meeting time,TR,1215,1330,1215 - 0130pm,2209,Chambers Building
CLA,IntensAncientGreek (2 credits),second meeting time,MWF,1230,1320,1230 - 0120pm,1015,Chambers Building
CLA,New Testament Greek,lecture,MWF,1130,1220,1130 - 1220pm,101,EU Hall
CLA,Adv. New Testament Greek,lecture,MWF,1130,1220,1130 - 1220pm,101,EU Hall
CLA,Introductory Latin II,lecture,MWF,1130,1220,1130 - 1220pm,1046,Chambers Building
CLA,Pastoral Poetry,lecture,MWF,1030,1120,1030 - 1120am,1086,Chambers Building
CLA,Adv Pastoral Poetry,lecture,MWF,1030,1120,1030 - 1120am,1086,Chambers Building
CLA,Theory & Prac Literature,lecture,W,1330,1620,0130 - 0420pm,3187,Chambers Building
COM,Princ of Oral Communication,lecture,TR,0940,1055,0940 - 1055am,B027,Chambers Building
COM,Princ of Oral Communication,lecture,TR,0815,0930,0815 - 0930am,B027,Chambers Building
COM,Princ of Oral Communication,lecture,MWF,1230,1320,1230 - 0120pm,B027,Chambers Building
COM,Communication Research Methods,lecture,MW,1430,1545,0230 - 0345pm,1003,Chambers Building
COM,"Politics, Race, & US Media",lecture,TR,1340,1455,0140 - 0255pm,1027,Chambers Building
COM,Organizational Communication,lecture,MWF,1130,1220,1130 - 1220pm,1006,Chambers Building
COM,Exploring Fake News,lecture,TR,1505,1620,0305 - 0420pm,1046,Chambers Building
COM,Rhetorics of Justice & Equal,lecture,TR,1215,1330,1215 - 0130pm,2196,Chambers Building
COM,Research Ethics,lecture,F,1330,1620,0130 - 0420pm,307,Wall Academic Center
COM,Comm Theory & Research,lecture,R,1340,1620,0140 - 0420pm,2187,Chambers Building
COM,Thesis Research,lecture,,,,TBA ,,
COM,Introduction to Dance Studies,second meeting time,MWF,1030,1120,1030 - 1120am,1102,Baker Sports Complex
COM,Introduction to Dance Studies,lecture,MWF,1030,1120,1030 - 1120am,109,Watson Life Sciences Building
COM,Reason and Argument,lecture,TR,0815,0930,0815 - 0930am,1027,Chambers Building
COM,Political Philosophy,lecture,TR,1340,1455,0140 - 0255pm,1003,Chambers Building
COM,The Presidency,lecture,MWF,1030,1120,1030 - 1120am,3155,Chambers Building
COM,Campaign Strategy,lecture,MWF,1130,1220,1130 - 1220pm,3155,Chambers Building
COM,Global Environmental Politics,lecture,TR,1340,1455,0140 - 0255pm,3084,Chambers Building
COM,Racial and Ethnic Relations,lecture,MWF,1130,1220,1130 - 1220pm,140,Watson Life Sciences Building
COM,Social Movements,lecture,TR,1215,1330,1215 - 0130pm,2084,Chambers Building
CSC,Data Science & Society,lecture,MW,1430,1545,0230 - 0345pm,132,Watson Life Sciences Building
CSC,Programming & Problem Solving,lecture,MW,0805,0920,0805 - 0920am,132,Watson Life Sciences Building
CSC,Programming & Problem Solving,lecture,TR,0940,1055,0940 - 1055am,247,Watson Life Sciences Building
CSC,Programming & Problem Solving,lecture,TR,1505,1620,0305 - 0420pm,132,Watson Life Sciences Building
CSC,Discrete Structures,lecture,TR,0940,1055,0940 - 1055am,243,Watson Life Sciences Building
CSC,Data Structures,lecture,MWF,0930,1020,0930 - 1020am,132,Watson Life Sciences Building
CSC,Data Structures,lecture,MWF,1030,1120,1030 - 1120am,132,Watson Life Sciences Building
CSC,Data Structures,lecture,MWF,1330,1420,0130 - 0220pm,132,Watson Life Sciences Building
CSC,Computer Organization,lecture,TR,0815,0930,0815 - 0930am,243,Watson Life Sciences Building
CSC,Software Design,lecture,TR,0940,1055,0940 - 1055am,157,Watson Life Sciences Building
CSC,Analysis of Algorithms,lecture,TR,0815,0930,0815 - 0930am,2234,Chambers Building
CSC,Database Systems,lecture,MWF,0930,1020,0930 - 1020am,243,Watson Life Sciences Building
CSC,Database Systems,lecture,MWF,1030,1120,1030 - 1120am,243,Watson Life Sciences Building
CSC,Real-Time Systems,lecture,TR,1215,1330,1215 - 0130pm,147,Watson Life Sciences Building
CSC,Data Visualization,lecture,MW,1430,1545,0230 - 0345pm,247,Watson Life Sciences Building
CSC,Image Processing,lecture,TR,1340,1455,0140 - 0255pm,247,Watson Life Sciences Building
CSC,The Test Code Quality Analysis,lecture,,,,TBA ,,
CSC,RL for LLMs,lecture,,,,TBA ,,
CSC,JIT Compiler Visualization Dev,lecture,,,,TBA ,,
CSC,VR Independent Research,lecture,,,,TBA ,,
CSC,Machine Learning Systems,lecture,,,,TBA ,,
CSC,Data Analysis and VR research,lecture,,,,TBA ,,
CSC,Reverse Engineering JIT Code,lecture,,,,TBA ,,
CSC,Computer Architecture & FPGAs,lecture,,,,TBA ,,
CSC,Deep Learning for Nuclear Phy,lecture,,,,TBA ,,
CSC,Multiparty Computation - SPDZ,lecture,,,,TBA ,,
CSC,Mathematical Modeling,lecture,MWF,1230,1320,1230 - 0120pm,3155,Chambers Building
CSC,Mathematical Modeling,lecture,MWF,1330,1420,0130 - 0220pm,3155,Chambers Building
CSC,Numerical Analysis,lecture,TR,1215,1330,1215 - 0130pm,B05,Wall Academic Center
CSC,Computational Physics,lecture,TR,1340,1455,0140 - 0255pm,B05,Wall Academic Center
CIS,The Art & Practice of Reading,lecture,MWF,1030,1220,1030 - 1220pm,1045,Chambers Building
CIS,Thesis II,lecture,,,,TBA ,,
DAN,Introduction to Dance Studies,second meeting time,MWF,1030,1120,1030 - 1120am,1102,Baker Sports Complex
DAN,Introduction to Dance Studies,lecture,MWF,1030,1120,1030 - 1120am,109,Watson Life Sciences Building
DAN,Movement Lab,lecture,MW,0930,1120,0930 - 1120am,1100,Baker Sports Complex
DAN,Odissi Dance Technique I,lecture,MW,1430,1620,0230 - 0420pm,1100,Baker Sports Complex
DAN,Dance Composition,lecture,MW,1130,1320,1130 - 0120pm,1100,Baker Sports Complex
DAN,Dance on Screen,lecture,MWF,1230,1320,1230 - 0120pm,1086,Chambers Building
DAN,Adv Dance Composition,lecture,MW,1130,1320,1130 - 0120pm,1100,Baker Sports Complex
EAS,Asian Art After 1000,lecture,TR,1215,1330,1215 - 0130pm,117,Visual Arts Center
EAS,The Arts Along the Silk Roads,lecture,MW,1430,1545,0230 - 0345pm,117,Visual Arts Center
EAS,Elementary Chinese II,lecture,MWF,0930,1020,0930 - 1020am,B027,Chambers Building
EAS,Elementary Chinese II,lecture,MWF,1030,1120,1030 - 1120am,B027,Chambers Building
EAS,Intermediate Chinese II,lecture,MWF,1330,1420,0130 - 0220pm,2187,Chambers Building
EAS,Engendering Chinese Cinema,lecture,W,1330,1620,0130 - 0420pm,3068,Chambers Building
EAS,Advanced Chinese II,lecture,TR,1215,1330,1215 - 0130pm,3209,Chambers Building
EAS,Advanced Chinese,lecture,TR,1340,1455,0140 - 0255pm,3209,Chambers Building
EAS,Stats & Basic Econometrics,second meeting time,T,1340,1455,0140 - 0255pm,2187,Chambers Building
EAS,Stats & Basic Econometrics,lecture,MWF,0930,1020,0930 - 1020am,2084,Chambers Building
EAS,Stats & Basic Econometrics,second meeting time,T,1505,1620,0305 - 0420pm,2068,Chambers Building
EAS,Stats & Basic Econometrics,lecture,MWF,1130,1220,1130 - 1220pm,2234,Chambers Building
EAS,Econometrics,second meeting time,R,1340,1455,0140 - 0255pm,108,Visual Arts Center
EAS,Econometrics,lecture,TR,0815,0930,0815 - 0930am,2198,Chambers Building
EAS,Econometrics,second meeting time,R,1505,1620,0305 - 0420pm,117,Visual Arts Center
EAS,Econometrics,lecture,TR,0940,1055,0940 - 1055am,2198,Chambers Building
EAS,Modern East Asia,lecture,MWF,0930,1020,0930 - 1020am,3106,Chambers Building
EAS,Modern China,lecture,MWF,1330,1420,0130 - 0220pm,3106,Chambers Building
EAS,Intro to Research Methods,second meeting time,W,1430,1545,0230 - 0345pm,B05,Wall Academic Center
EAS,Intro to Research Methods,lecture,MWF,1030,1120,1030 - 1120am,B05,Wall Academic Center
EAS,Intro to Research Methods,second meeting time,R,1505,1620,0305 - 0420pm,B05,Wall Academic Center
EAS,Intro to Research Methods,lecture,MWF,1130,1220,1130 - 1220pm,B05,Wall Academic Center
EAS,The IR of the Asia Pacific,lecture,TR,0940,1055,0940 - 1055am,1027,Chambers Building
EAS,Rise of China,lecture,R,1340,1620,0140 - 0420pm,2209,Chambers Building
EAS,Buddhism,lecture,MWF,1330,1420,0130 - 0220pm,1006,Chambers Building
EAS,What is religion good for?,lecture,MW,1430,1545,0230 - 0345pm,2209,Chambers Building
EAS,Survey Research Methods,lecture,TR,1340,1455,0140 - 0255pm,2084,Chambers Building
ECO,Introductory Economics,lecture,TR,0940,1055,0940 - 1055am,146,Dana Science Building
ECO,Introductory Economics,lecture,TR,1215,1330,1215 - 0130pm,146,Dana Science Building
ECO,Introductory Economics,lecture,MWF,1330,1420,0130 - 0220pm,2084,Chambers Building
ECO,Introductory Economics,lecture,MWF,0930,1020,0930 - 1020am,157,Watson Life Sciences Building
ECO,Intermed Microeconomic Theory,lecture,TR,0940,1055,0940 - 1055am,3155,Chambers Building
ECO,Intermed Microeconomic Theory,lecture,TR,1215,1330,1215 - 0130pm,119,Watson Life Sciences Building
ECO,Intermed Macroeconomic Theory,lecture,TR,0815,0930,0815 - 0930am,3155,Chambers Building
ECO,Intermed Macroeconomic Theory,lecture,TR,1215,1330,1215 - 0130pm,3155,Chambers Building
ECO,Stats & Basic Econometrics,second meeting time,T,1340,1455,0140 - 0255pm,2187,Chambers Building
ECO,Stats & Basic Econometrics,lecture,MWF,0930,1020,0930 - 1020am,2084,Chambers Building
ECO,Stats & Basic Econometrics,second meeting time,T,1505,1620,0305 - 0420pm,2068,Chambers Building
ECO,Stats & Basic Econometrics,lecture,MWF,1130,1220,1130 - 1220pm,2234,Chambers Building
ECO,Econometrics,second meeting time,R,1340,1455,0140 - 0255pm,108,Visual Arts Center
ECO,Econometrics,lecture,TR,0815,0930,0815 - 0930am,2198,Chambers Building
ECO,Econometrics,second meeting time,R,1505,1620,0305 - 0420pm,117,Visual Arts Center
ECO,Econometrics,lecture,TR,0940,1055,0940 - 1055am,2198,Chambers Building
ECO,Introduction to Accounting,lecture,MWF,0830,0920,0830 - 0920am,3155,Chambers Building
ECO,Introduction to Accounting,lecture,MWF,1030,1120,1030 - 1120am,146,Dana Science Building
ECO,Intermediate Accounting,lecture,MWF,1230,1320,1230 - 0120pm,146,Dana Science Building
ECO,Introduction to Finance,lecture,TR,0815,0930,0815 - 0930am,1006,Chambers Building
ECO,Environ & Nat Resour Economics,lecture,TR,1340,1455,0140 - 0255pm,3106,Chambers Building
ECO,Economics of Gender & Family,lecture,MWF,1230,1320,1230 - 0120pm,HANCE,Chambers Building
ECO,Financial Economics,lecture,MWF,1330,1420,0130 - 0220pm,1003,Chambers Building
ECO,Economics of Mining & Sust Dev,lecture,TR,1505,1620,0305 - 0420pm,3155,Chambers Building
ECO,Religion and Economics,lecture,MWF,0930,1020,0930 - 1020am,3068,Chambers Building
ECO,Int'l Political Economy,lecture,MW,1430,1545,0230 - 0345pm,3106,Chambers Building
ECO,Concentrated Factor Pricing,lecture,,,,TBA ,,
ECO,Game Theory&Strategic Behavior,lecture,,,,TBA ,,
ECO,Advanced Game Theory,lecture,,,,TBA ,,
ECO,Tourism & Economic Development,lecture,,,,TBA ,,
ECO,Health Economics,lecture,MWF,1030,1120,1030 - 1120am,3068,Chambers Building
ECO,Sports Economics,lecture,MWF,1130,1220,1130 - 1220pm,119,Watson Life Sciences Building
ECO,International Trade,lecture,TR,1340,1455,0140 - 0255pm,146,Dana Science Building
ECO,Forecasting,lecture,MWF,1230,1320,1230 - 0120pm,1096,Chambers Building
ECO,Shareholder Activism,lecture,,,,TBA ,,
ECO,Advanced Causal Inference,lecture,,,,TBA ,,
ECO,Geopolitical Uncertainty & M&A,lecture,,,,TBA ,,
ECO,Contemporary Economic Issues,lecture,MW,1430,1545,0230 - 0345pm,1045,Chambers Building
ECO,Beckerian Economics,lecture,MW,1430,1545,0230 - 0345pm,3084,Chambers Building
ECO,Topics in Public Policy,lecture,MW,1430,1545,0230 - 0345pm,1006,Chambers Building
ECO,Topics in Corporate Finance,lecture,MW,1430,1545,0230 - 0345pm,3196,Chambers Building
ECO,Honors Research,lecture,MW,1430,1545,0230 - 0345pm,B027,Chambers Building
EDU,Intro to Philosophy of Educ,lecture,MWF,0930,1020,0930 - 1020am,2068,Chambers Building
EDU,Comp & International Education,lecture,TR,0940,1055,0940 - 1055am,117,Visual Arts Center
EDU,Oppression & Education,lecture,MWF,0830,0920,0830 - 0920am,1003,Chambers Building
EDU,Intro to Education Policy,lecture,TR,0815,0930,0815 - 0930am,1003,Chambers Building
EDU,Intro to Education Policy,lecture,TR,1215,1330,1215 - 0130pm,3084,Chambers Building
EDU,Theory of Sports Coaching,lecture,MWF,1130,1220,1130 - 1220pm,2068,Chambers Building
EDU,Theory of Sports Coaching,lecture,,,,TBA ,,
EDU,Social Stratification in HE,lecture,M,1330,1620,0130 - 0420pm,310,Watson Life Sciences Building
EDU,NC's Education System,lecture,,,,TBA ,,
EDU,IND. Study- First Gen Students,lecture,,,,TBA ,,
EDU,Independent Study in Education,lecture,,,,TBA ,,
EDU,Dir Field Placement-Education,lecture,MW,1430,1545,0230 - 0345pm,157,Watson Life Sciences Building
EDU,Capstone,lecture,F,1330,1620,0130 - 0420pm,3068,Chambers Building
EDU,Education for Leadership,lecture,TR,1215,1330,1215 - 0130pm,3068,Chambers Building
EDU,Child Psychopathology,lecture,TR,0815,0930,0815 - 0930am,320,Wall Academic Center
EDU,Educational Psychology,lecture,MWF,1530,1620,0330 - 0420pm,109,Watson Life Sciences Building
EDU,Learning,lecture,TR,1340,1455,0140 - 0255pm,243,Wall Academic Center
EDU,Social Statistics,lecture,MWF,0930,1020,0930 - 1020am,247,Watson Life Sciences Building
ENG,W. E. B. Du Bois at Large,lecture,TR,0815,0930,0815 - 0930am,3187,Chambers Building
ENG,Electronic Literature,lecture,MWF,1330,1420,0130 - 0220pm,109,Watson Life Sciences Building
ENG,Literature & Medicine,lecture,TR,0815,0930,0815 - 0930am,HANCE,Chambers Building
ENG,History of Nature Writing,lecture,MWF,0830,0920,0830 - 0920am,157,Watson Life Sciences Building
ENG,Caribbean Literature,lecture,MWF,0930,1020,0930 - 1020am,109,Watson Life Sciences Building
ENG,Intro to Creative Nonfiction,lecture,T,1340,1620,0140 - 0420pm,111,Cunningham Fine Arts
ENG,Introduction-Writing Poetry,lecture,TR,1215,1330,1215 - 0130pm,2198,Chambers Building
ENG,Intro to Writing Fiction,lecture,M,1330,1620,0130 - 0420pm,140,Watson Life Sciences Building
ENG,Intro to Screenwriting,lecture,T,1340,1620,0140 - 0420pm,153,Dana Science Building
ENG,Word-Art,lecture,TR,0940,1055,0940 - 1055am,2068,Chambers Building
ENG,Literary Analysis,lecture,TR,1340,1455,0140 - 0255pm,109,Watson Life Sciences Building
ENG,Literary Analysis,lecture,MWF,1130,1220,1130 - 1220pm,2084,Chambers Building
ENG,American Literature,lecture,MWF,0930,1020,0930 - 1020am,1027,Chambers Building
ENG,World Literatures,lecture,MWF,1130,1220,1130 - 1220pm,3196,Chambers Building
ENG,Advanced Screenwriting,lecture,R,1340,1620,0140 - 0420pm,1086,Chambers Building
ENG,Forms & Theories of Fiction,lecture,R,1340,1620,0140 - 0420pm,3068,Chambers Building
ENG,Illness Narratives,lecture,MWF,1230,1320,1230 - 0120pm,1003,Chambers Building
ENG,History of the Novel,lecture,MWF,1030,1120,1030 - 1120am,3084,Chambers Building
ENG,Literary Criticism and Theory,lecture,W,1330,1620,0130 - 0420pm,140,Watson Life Sciences Building
ENG,True Crime,lecture,M,1330,1620,0130 - 0420pm,111,Cunningham Fine Arts
ENG,Long Eighteenth-Century Gothic,lecture,M,1330,1620,0130 - 0420pm,3187,Chambers Building
ENG,Brilliant Exiles,lecture,T,1340,1620,0140 - 0420pm,3068,Chambers Building
ENG,Senior Honors Thesis,lecture,TR,0940,1055,0940 - 1055am,147,Watson Life Sciences Building
ENG,Advanced Filmmaking,lecture,R,1340,1620,0140 - 0420pm,212,Visual Arts Center
ENG,Theory & Prac Literature,lecture,W,1330,1620,0130 - 0420pm,3187,Chambers Building
ENG,War & Peace: Tolstoy,lecture,T,1340,1620,0140 - 0420pm,2209,Chambers Building
ENV,"Science, Policy, and Society",lecture,MWF,1030,1120,1030 - 1120am,109,Cunningham Fine Arts
ENV,Bioarchaeology,lecture,MWF,0930,1020,0930 - 1020am,2198,Chambers Building
ENV,Marine Biology,lecture,MWF,1330,1420,0130 - 0220pm,210,Wall Academic Center
ENV,Biostats for Life Scientists,lecture,TR,0815,0930,0815 - 0930am,106,Wall Academic Center
ENV,Biostats for Life Scientists,lecture,TR,1340,1455,0140 - 0255pm,106,Wall Academic Center
ENV,Biostats for Life Scientists,lecture,TR,0940,1055,0940 - 1055am,380,Wall Academic Center
ENV,Stats & Basic Econometrics,second meeting time,T,1340,1455,0140 - 0255pm,2187,Chambers Building
ENV,Stats & Basic Econometrics,lecture,MWF,0930,1020,0930 - 1020am,2084,Chambers Building
ENV,Stats & Basic Econometrics,second meeting time,T,1505,1620,0305 - 0420pm,2068,Chambers Building
ENV,Stats & Basic Econometrics,lecture,MWF,1130,1220,1130 - 1220pm,2234,Chambers Building
ENV,Environ & Nat Resour Economics,lecture,TR,1340,1455,0140 - 0255pm,3106,Chambers Building
ENV,Economics of Mining & Sust Dev,lecture,TR,1505,1620,0305 - 0420pm,3155,Chambers Building
ENV,Environmental Science +Lab,second meeting time,W,1330,1620,0130 - 0420pm,116,Wall Academic Center
ENV,Environmental Science +Lab,lecture,TR,0940,1055,0940 - 1055am,106,Wall Academic Center
ENV,Environmental Science +Lab,second meeting time,W,1330,1620,0130 - 0420pm,116,Wall Academic Center
ENV,Environmental Science +Lab,lecture,TR,0940,1055,0940 - 1055am,106,Wall Academic Center
ENV,Environmental Science +Lab,second meeting time,R,1340,1620,0140 - 0420pm,116,Wall Academic Center
ENV,Environmental Science +Lab,lecture,TR,0940,1055,0940 - 1055am,106,Wall Academic Center
ENV,Environmental Science +Lab,second meeting time,R,1340,1620,0140 - 0420pm,116,Wall Academic Center
ENV,Environmental Science +Lab,lecture,TR,0940,1055,0940 - 1055am,106,Wall Academic Center
ENV,Environmental Science +Lab,second meeting time,M,1330,1620,0130 - 0420pm,116,Wall Academic Center
ENV,Environmental Science +Lab,lecture,TR,0815,0930,0815 - 0930am,109,Watson Life Sciences Building
ENV,Environmental Science +Lab,second meeting time,M,1330,1620,0130 - 0420pm,116,Wall Academic Center
ENV,Environmental Science +Lab,lecture,TR,0815,0930,0815 - 0930am,109,Watson Life Sciences Building
ENV,Environmental Science +Lab,second meeting time,T,1340,1620,0140 - 0420pm,116,Wall Academic Center
ENV,Environmental Science +Lab,lecture,TR,0815,0930,0815 - 0930am,109,Watson Life Sciences Building
ENV,Environmental Science +Lab,second meeting time,T,1340,1620,0140 - 0420pm,116,Wall Academic Center
ENV,Environmental Science +Lab,lecture,TR,0815,0930,0815 - 0930am,109,Watson Life Sciences Building
ENV,Environmental Social Sciences,lecture,MWF,0930,1020,0930 - 1020am,119,Watson Life Sciences Building
ENV,Environmental Humanities,lecture,TR,1505,1620,0305 - 0420pm,109,Watson Life Sciences Building
ENV,Climate Systems,lecture,MW,1430,1545,0230 - 0345pm,100,Sloan Music Building
ENV,Physical Geography of the SE,lecture,MWF,1030,1120,1030 - 1120am,157,Watson Life Sciences Building
ENV,Intro to Interdisciplinary GIS,lecture,MW,0805,0920,0805 - 0920am,247,Watson Life Sciences Building
ENV,Intro to Interdisciplinary GIS,lecture,TR,1215,1330,1215 - 0130pm,247,Watson Life Sciences Building
ENV,"Pol Ecol:People, Power, Planet",lecture,MWF,1330,1420,0130 - 0220pm,157,Watson Life Sciences Building
ENV,"Art, Activism & Environment",lecture,TR,1340,1455,0140 - 0255pm,147,Watson Life Sciences Building
ENV,Independent Study,lecture,,,,TBA ,,
ENV,Independent Study,lecture,,,,TBA ,,
ENV,Local Env Governance,lecture,MWF,1130,1220,1130 - 1220pm,147,Watson Life Sciences Building
ENV,Natural Hazards,lecture,TR,0940,1055,0940 - 1055am,310,Watson Life Sciences Building
ENV,Voices of the Earth,lecture,MWF,1230,1320,1230 - 0120pm,140,Watson Life Sciences Building
ENV,Environmental Justice Art,lecture,W,1330,1620,0130 - 0420pm,251,Wall Academic Center
ENV,Independent Research,lecture,,,,TBA ,,
ENV,Environmental Studies Seminar,lecture,TR,1505,1620,0305 - 0420pm,210,Wall Academic Center
ENV,Environmental Studies Seminar,lecture,TR,1505,1620,0305 - 0420pm,210,Wall Academic Center
ENV,Independent Research,lecture,,,,TBA ,,
ENV,Honors Research,lecture,,,,TBA ,,
ENV,Thesis Research,lecture,,,,TBA ,,
ENV,Thesis Research,lecture,,,,TBA ,,
ENV,Thesis Research,lecture,,,,TBA ,,
ENV,Honors Research,lecture,,,,TBA ,,
ENV,Honors Research,lecture,,,,TBA ,,
ENV,Thesis Research,lecture,,,,TBA ,,
ENV,Local Env Governance,lecture,MWF,1130,1220,1130 - 1220pm,147,Watson Life Sciences Building
ENV,Global Environmental Politics,lecture,TR,1340,1455,0140 - 0255pm,3084,Chambers Building
ENV,Themes in Theology& Ethics:God,lecture,MWF,1230,1320,1230 - 0120pm,1046,Chambers Building
XPL,High Impact Experiential Lrnin,lecture,F,1330,1620,0130 - 0420pm,2234,Chambers Building
FMD,Introduction to Digital Art,lecture,TR,0940,1055,0940 - 1055am,212,Visual Arts Center
FMD,Introduction to Digital Art,lecture,TR,0940,1055,0940 - 1055am,212,Visual Arts Center
FMD,Advanced Digital Art,lecture,TR,1215,1330,1215 - 0130pm,212,Visual Arts Center
FMD,"Politics, Race, & US Media",lecture,TR,1340,1455,0140 - 0255pm,1027,Chambers Building
FMD,Programming & Problem Solving,lecture,MW,0805,0920,0805 - 0920am,132,Watson Life Sciences Building
FMD,Programming & Problem Solving,lecture,TR,0940,1055,0940 - 1055am,247,Watson Life Sciences Building
FMD,Programming & Problem Solving,lecture,TR,1505,1620,0305 - 0420pm,132,Watson Life Sciences Building
FMD,Dance on Screen,lecture,MWF,1230,1320,1230 - 0120pm,1086,Chambers Building
FMD,Intro to Digital Studies,lecture,MWF,1230,1320,1230 - 0120pm,109,Watson Life Sciences Building
FMD,Electronic Literature,lecture,MWF,1330,1420,0130 - 0220pm,109,Watson Life Sciences Building
FMD,"Technology, Knowledge & Wisdom",lecture,TR,0815,0930,0815 - 0930am,201,Sloan Music Building
FMD,Physical Computing,lecture,MW,1430,1545,0230 - 0345pm,212,Visual Arts Center
FMD,Radical Software,lecture,MWF,1130,1220,1130 - 1220pm,212,Visual Arts Center
FMD,Independent Study,lecture,,,,TBA ,,
FMD,Semantic Information Systems,lecture,,,,TBA ,,
FMD,Intro to Screenwriting,lecture,T,1340,1620,0140 - 0420pm,153,Dana Science Building
FMD,Advanced Screenwriting,lecture,R,1340,1620,0140 - 0420pm,1086,Chambers Building
FMD,Animation,lecture,,,,TBA ,,
FMD,Filmmaking,lecture,T,1340,1620,0140 - 0420pm,212,Visual Arts Center
FMD,American Indie Cinema,lecture,TR,1215,1330,1215 - 0130pm,140,Watson Life Sciences Building
FMD,Advanced Filmmaking,lecture,R,1340,1620,0140 - 0420pm,212,Visual Arts Center
FMD,A Genre for Gender: Québec Com,lecture,TR,1215,1330,1215 - 0130pm,1046,Chambers Building
FMD,Hollywood Alternatives,lecture,MWF,1330,1420,0130 - 0220pm,1086,Chambers Building
FMD,Film Music,lecture,TR,1340,1455,0140 - 0255pm,B011,Sloan Music Building
FMD,Adv Film Music,lecture,TR,1340,1455,0140 - 0255pm,B011,Sloan Music Building
FMD,Contemp Latin American Cinema,lecture,TR,1340,1455,0140 - 0255pm,3198,Chambers Building
FRE,Elementary French II,lecture,MWF,1030,1120,1030 - 1120am,3187,Chambers Building
FRE,Elementary French II,lecture,MWF,1130,1220,1130 - 1220pm,3187,Chambers Building
FRE,Intermed Fre/Davidson Exposure,lecture,MWF,1030,1120,1030 - 1120am,3198,Chambers Building
FRE,Intermediate French II,lecture,TR,0940,1055,0940 - 1055am,1046,Chambers Building
FRE,Francophone Humanities,lecture,MW,1430,1545,0230 - 0345pm,1046,Chambers Building
FRE,France in the Headlines,lecture,TR,1340,1455,0140 - 0255pm,3234,Chambers Building
FRE,Indep Study for Non-Majors,lecture,,,,TBA ,,
FRE,The Algerian Revolution,lecture,TR,1505,1620,0305 - 0420pm,3198,Chambers Building
FRE,A Genre for Gender: Québec Com,lecture,TR,1215,1330,1215 - 0130pm,1046,Chambers Building
FRE,Independent Study for Majors,lecture,,,,TBA ,,
FRE,Honors Project 2,lecture,,,,TBA ,,
FRE,French Honors Thesis,lecture,,,,TBA ,,
GSS,"Race, Gender, and Tourism ",lecture,MW,1430,1545,0230 - 0345pm,3209,Chambers Building
GSS,Black Sexual Geographies,lecture,TR,1505,1620,0305 - 0420pm,109,Cunningham Fine Arts
GSS,Decolonizing Develop in Africa,lecture,T,1340,1620,0140 - 0420pm,1006,Chambers Building
GSS,Compar Neuroendocrinology +Lab,second meeting time,W,1330,1620,0130 - 0420pm,143,Wall Academic Center
GSS,Compar Neuroendocrinology +Lab,lecture,TR,1215,1330,1215 - 0130pm,243,Wall Academic Center
GSS,Compar Neuroendocrinology +Lab,second meeting time,R,1340,1620,0140 - 0420pm,143,Wall Academic Center
GSS,Compar Neuroendocrinology +Lab,lecture,TR,1215,1330,1215 - 0130pm,243,Wall Academic Center
GSS,Animal Behavior +Lab,second meeting time,W,1330,1620,0130 - 0420pm,149,Wall Academic Center
GSS,Animal Behavior +Lab,lecture,TR,1215,1330,1215 - 0130pm,210,Wall Academic Center
GSS,Animal Behavior +Lab,second meeting time,R,1340,1620,0140 - 0420pm,149,Wall Academic Center
GSS,Animal Behavior +Lab,lecture,TR,1215,1330,1215 - 0130pm,210,Wall Academic Center
GSS,"Genetics, Gender, Disability",lecture,MW,1430,1545,0230 - 0345pm,243,Wall Academic Center
GSS,Engendering Chinese Cinema,lecture,W,1330,1620,0130 - 0420pm,3068,Chambers Building
GSS,Economics of Gender & Family,lecture,MWF,1230,1320,1230 - 0120pm,HANCE,Chambers Building
GSS,Oppression & Education,lecture,MWF,0830,0920,0830 - 0920am,1003,Chambers Building
GSS,Literary Analysis,lecture,TR,1340,1455,0140 - 0255pm,109,Watson Life Sciences Building
GSS,Literary Analysis,lecture,MWF,1130,1220,1130 - 1220pm,2084,Chambers Building
GSS,History of the Novel,lecture,MWF,1030,1120,1030 - 1120am,3084,Chambers Building
GSS,Literary Criticism and Theory,lecture,W,1330,1620,0130 - 0420pm,140,Watson Life Sciences Building
GSS,Brilliant Exiles,lecture,T,1340,1620,0140 - 0420pm,3068,Chambers Building
GSS,A Genre for Gender: Québec Com,lecture,TR,1215,1330,1215 - 0130pm,1046,Chambers Building
GSS,Intro to Gender & Sexuality,lecture,MWF,1030,1120,1030 - 1120am,1027,Chambers Building
GSS,Feminist & Queer Theories,lecture,TR,1505,1620,0305 - 0420pm,3209,Chambers Building
GSS,Trans Studies,lecture,MWF,1230,1320,1230 - 0120pm,3068,Chambers Building
GSS,"Sex, Love & Relationships",lecture,TR,0815,0930,0815 - 0930am,147,Watson Life Sciences Building
GSS,"Sex, Law & Modernity",lecture,TR,1215,1330,1215 - 0130pm,2187,Chambers Building
GSS,Queer Disability Studies,lecture,MW,1430,1545,0230 - 0345pm,320,Wall Academic Center
GSS,Matters of Life & Death,lecture,T,1340,1620,0140 - 0420pm,101,EU Hall
GSS,Third World Feminisms,lecture,,,,TBA ,,
GSS,Neoliberalism's Global History,lecture,M,1330,1620,0130 - 0420pm,2196,Chambers Building
GSS,"Sex, Power & Religion in Latin",lecture,TR,1340,1455,0140 - 0255pm,1015,Chambers Building
GSS,Intro to Research Methods,second meeting time,W,1430,1545,0230 - 0345pm,B05,Wall Academic Center
GSS,Intro to Research Methods,lecture,MWF,1030,1120,1030 - 1120am,B05,Wall Academic Center
GSS,Intro to Research Methods,second meeting time,R,1505,1620,0305 - 0420pm,B05,Wall Academic Center
GSS,Intro to Research Methods,lecture,MWF,1130,1220,1130 - 1220pm,B05,Wall Academic Center
GSS,Women In US Politics,lecture,M,1330,1620,0130 - 0420pm,108,Visual Arts Center
GSS,Psy Research: Social Psy,second meeting time,W,0830,1020,0830 - 1020am,228,Wall Academic Center
GSS,Psy Research: Social Psy,lecture,TR,1215,1330,1215 - 0130pm,106,Wall Academic Center
GSS,Psy Research: Social Psy,second meeting time,W,0830,1020,0830 - 1020am,228,Wall Academic Center
GSS,Psy Research: Social Psy,lecture,TR,1215,1330,1215 - 0130pm,106,Wall Academic Center
GSS,Psy Research: Social Psy,second meeting time,W,1030,1220,1030 - 1220pm,228,Wall Academic Center
GSS,Psy Research: Social Psy,lecture,TR,1215,1330,1215 - 0130pm,106,Wall Academic Center
GSS,Psy Research: Social Psy,second meeting time,W,1030,1220,1030 - 1220pm,228,Wall Academic Center
GSS,Psy Research: Social Psy,lecture,TR,1215,1330,1215 - 0130pm,106,Wall Academic Center
GSS,Adv Sem:Gender&Psychopathology,lecture,TR,0815,0930,0815 - 0930am,243,Wall Academic Center
GSS,Adv Sem:Gender&Psychopathology,lecture,TR,0815,0930,0815 - 0930am,243,Wall Academic Center
GSS,What is religion good for?,lecture,MW,1430,1545,0230 - 0345pm,2209,Chambers Building
GSS,Social Statistics,lecture,MWF,0930,1020,0930 - 1020am,247,Watson Life Sciences Building
GSS,Men and Masculinities,lecture,W,1330,1620,0130 - 0420pm,310,Watson Life Sciences Building
GSS,Survey Research Methods,lecture,TR,1340,1455,0140 - 0255pm,2084,Chambers Building
GSS,Hispanic Humanities I,lecture,TR,1340,1455,0140 - 0255pm,2198,Chambers Building
GSS,Hispanic Humanities II,lecture,TR,0940,1055,0940 - 1055am,3187,Chambers Building
GSS,Hispanic Humanities II,lecture,TR,1215,1330,1215 - 0130pm,3198,Chambers Building
GSS,Special Topics (post-1800),lecture,TR,1215,1330,1215 - 0130pm,3187,Chambers Building
IGEN,Genetics +Lab,second meeting time,T,0815,1055,0815 - 1055am,316,Wall Academic Center
IGEN,Genetics +Lab,lecture,MWF,0930,1020,0930 - 1020am,320,Wall Academic Center
IGEN,Genetics +Lab,second meeting time,T,1340,1620,0140 - 0420pm,316,Wall Academic Center
IGEN,Genetics +Lab,lecture,MWF,0930,1020,0930 - 1020am,320,Wall Academic Center
IGEN,Microbiology +Lab,second meeting time,T,1340,1620,0140 - 0420pm,218,Wall Academic Center
IGEN,Microbiology +Lab,lecture,MWF,1230,1320,1230 - 0120pm,210,Wall Academic Center
IGEN,Microbiology +Lab,second meeting time,W,1330,1620,0130 - 0420pm,218,Wall Academic Center
IGEN,Microbiology +Lab,lecture,MWF,1230,1320,1230 - 0120pm,210,Wall Academic Center
IGEN,Biostats for Life Scientists,lecture,TR,0815,0930,0815 - 0930am,106,Wall Academic Center
IGEN,Biostats for Life Scientists,lecture,TR,1340,1455,0140 - 0255pm,106,Wall Academic Center
IGEN,Biostats for Life Scientists,lecture,TR,0940,1055,0940 - 1055am,380,Wall Academic Center
IGEN,Biochemistry +Lab,second meeting time,W,1330,1620,0130 - 0420pm,316,Wall Academic Center
IGEN,Biochemistry +Lab,lecture,MWF,1030,1120,1030 - 1120am,100,Sloan Music Building
IGEN,Biochemistry +Lab,second meeting time,R,1340,1620,0140 - 0420pm,316,Wall Academic Center
IGEN,Biochemistry +Lab,lecture,MWF,1030,1120,1030 - 1120am,100,Sloan Music Building
IGEN,Genomics,lecture,MWF,0930,1020,0930 - 1020am,210,Wall Academic Center
IGEN,Laboratory Methods in Genomics,lecture,TR,0940,1055,0940 - 1055am,B05,Wall Academic Center
IGEN,Intro to Biological Chem +Lab,second meeting time,M,1330,1620,0130 - 0420pm,335,Wall Academic Center
IGEN,Intro to Biological Chem +Lab,lecture,TR,1215,1330,1215 - 0130pm,157,Watson Life Sciences Building
IGEN,Intro to Biological Chem +Lab,second meeting time,T,1340,1620,0140 - 0420pm,335,Wall Academic Center
IGEN,Intro to Biological Chem +Lab,lecture,TR,1215,1330,1215 - 0130pm,157,Watson Life Sciences Building
IGEN,Quantm Chem & Spectroscopy+Lab,second meeting time,M,1330,1620,0130 - 0420pm,351,Wall Academic Center
IGEN,Quantm Chem & Spectroscopy+Lab,lecture,MWF,0830,0920,0830 - 0920am,243,Wall Academic Center
IGEN,Quantm Chem & Spectroscopy+Lab,second meeting time,T,1340,1620,0140 - 0420pm,351,Wall Academic Center
IGEN,Quantm Chem & Spectroscopy+Lab,lecture,MWF,0830,0920,0830 - 0920am,243,Wall Academic Center
IGEN,Organic Spectroscopy,lecture,MWF,1230,1320,1230 - 0120pm,307,Wall Academic Center
IGEN,Sem in Biological Chemistry,lecture,TR,1215,1330,1215 - 0130pm,1096,Chambers Building
IGEN,Seminar in Organic Chemistry,lecture,MWF,1130,1220,1130 - 1220pm,307,Wall Academic Center
IGEN,Discrete Structures,lecture,TR,0940,1055,0940 - 1055am,243,Watson Life Sciences Building
IGEN,Data Structures,lecture,MWF,0930,1020,0930 - 1020am,132,Watson Life Sciences Building
IGEN,Data Structures,lecture,MWF,1030,1120,1030 - 1120am,132,Watson Life Sciences Building
IGEN,Data Structures,lecture,MWF,1330,1420,0130 - 0220pm,132,Watson Life Sciences Building
IGEN,Analysis of Algorithms,lecture,TR,0815,0930,0815 - 0930am,2234,Chambers Building
IGEN,Data Visualization,lecture,MW,1430,1545,0230 - 0345pm,247,Watson Life Sciences Building
IGEN,Mathematical Modeling,lecture,MWF,1230,1320,1230 - 0120pm,3155,Chambers Building
IGEN,Mathematical Modeling,lecture,MWF,1330,1420,0130 - 0220pm,3155,Chambers Building
IGEN,Mathematical Statistics,lecture,TR,0940,1055,0940 - 1055am,2234,Chambers Building
IGEN,Learning,lecture,TR,1340,1455,0140 - 0255pm,243,Wall Academic Center
IGEN,Psy Res:Perception & Attention,second meeting time,T,1340,1620,0140 - 0420pm,307,Wall Academic Center
IGEN,Psy Res:Perception & Attention,lecture,MWF,1430,1520,0230 - 0320pm,106,Wall Academic Center
IGEN,Psy Res:Perception & Attention,second meeting time,T,1340,1620,0140 - 0420pm,307,Wall Academic Center
IGEN,Psy Res:Perception & Attention,lecture,MWF,1430,1520,0230 - 0320pm,106,Wall Academic Center
IGEN,Functional Neuroanatomy,lecture,W,1330,1620,0130 - 0420pm,307,Wall Academic Center
GER,What is German? II,lecture,MWF,1130,1220,1130 - 1220pm,2187,Chambers Building
GER,German Stories & Histories II,lecture,MWF,0930,1020,0930 - 1020am,3187,Chambers Building
GER,Hollywood Alternatives,lecture,MWF,1330,1420,0130 - 0220pm,1086,Chambers Building
GER,Memory and Belonging I,lecture,MWF,1230,1320,1230 - 0120pm,3209,Chambers Building
GER,Hannah Arendt,lecture,TR,0815,0930,0815 - 0930am,1045,Chambers Building
GER,"Gropius, Bauhaus, Modernism",lecture,,,,TBA ,,
GER,Wanderlust,lecture,W,1330,1620,0130 - 0420pm,2234,Chambers Building
GER,German Colonialism,lecture,,,,TBA ,,
GER,Theory & Prac Literature,lecture,W,1330,1620,0130 - 0420pm,3187,Chambers Building
LIT,W. E. B. Du Bois at Large,lecture,TR,0815,0930,0815 - 0930am,3187,Chambers Building
LIT,Electronic Literature,lecture,MWF,1330,1420,0130 - 0220pm,109,Watson Life Sciences Building
LIT,Literary Analysis,lecture,TR,1340,1455,0140 - 0255pm,109,Watson Life Sciences Building
LIT,Literary Analysis,lecture,MWF,1130,1220,1130 - 1220pm,2084,Chambers Building
LIT,American Literature,lecture,MWF,0930,1020,0930 - 1020am,1027,Chambers Building
LIT,World Literatures,lecture,MWF,1130,1220,1130 - 1220pm,3196,Chambers Building
LIT,History of the Novel,lecture,MWF,1030,1120,1030 - 1120am,3084,Chambers Building
LIT,Literary Criticism and Theory,lecture,W,1330,1620,0130 - 0420pm,140,Watson Life Sciences Building
LIT,Long Eighteenth-Century Gothic,lecture,M,1330,1620,0130 - 0420pm,3187,Chambers Building
LIT,Brilliant Exiles,lecture,T,1340,1620,0140 - 0420pm,3068,Chambers Building
LIT,Francophone Humanities,lecture,MW,1430,1545,0230 - 0345pm,1046,Chambers Building
LIT,The Algerian Revolution,lecture,TR,1505,1620,0305 - 0420pm,3198,Chambers Building
LIT,New Testament Greek,lecture,MWF,1130,1220,1130 - 1220pm,101,EU Hall
LIT,Adv. New Testament Greek,lecture,MWF,1130,1220,1130 - 1220pm,101,EU Hall
LIT,Feminist & Queer Theories,lecture,TR,1505,1620,0305 - 0420pm,3209,Chambers Building
LIT,Pastoral Poetry,lecture,MWF,1030,1120,1030 - 1120am,1086,Chambers Building
LIT,Adv Pastoral Poetry,lecture,MWF,1030,1120,1030 - 1120am,1086,Chambers Building
LIT,Post-Colonial Lit & Theory,lecture,,,,TBA ,,
LIT,Theory & Prac Literature,lecture,W,1330,1620,0130 - 0420pm,3187,Chambers Building
LIT,What is religion good for?,lecture,MW,1430,1545,0230 - 0345pm,2209,Chambers Building
LIT,War & Peace: Tolstoy,lecture,T,1340,1620,0140 - 0420pm,2209,Chambers Building
LIT,Hispanic Humanities I,lecture,TR,1340,1455,0140 - 0255pm,2198,Chambers Building
LIT,Hispanic Humanities II,lecture,TR,0940,1055,0940 - 1055am,3187,Chambers Building
LIT,Hispanic Humanities II,lecture,TR,1215,1330,1215 - 0130pm,3198,Chambers Building
GRE,IntensAncientGreek (2 credits),second meeting time,TR,1215,1330,1215 - 0130pm,2209,Chambers Building
GRE,IntensAncientGreek (2 credits),second meeting time,MWF,1230,1320,1230 - 0120pm,1015,Chambers Building
GRE,New Testament Greek,lecture,MWF,1130,1220,1130 - 1220pm,101,EU Hall
GRE,Adv. New Testament Greek,lecture,MWF,1130,1220,1130 - 1220pm,101,EU Hall
SPA,Theory & Prac Literature,lecture,W,1330,1620,0130 - 0420pm,3187,Chambers Building
SPA,Elementary Spanish I,lecture,MWF,0830,0920,0830 - 0920am,3209,Chambers Building
SPA,Elementary Spanish II,lecture,MWF,0830,0920,0830 - 0920am,3198,Chambers Building
SPA,Elementary Spanish II,lecture,MWF,0930,1020,0930 - 1020am,3198,Chambers Building
SPA,Elementary Spanish II,lecture,MWF,1130,1220,1130 - 1220pm,3198,Chambers Building
SPA,Elementary Spanish II,lecture,MWF,1230,1320,1230 - 0120pm,1027,Chambers Building
SPA,Elementary Spanish II,lecture,MWF,1030,1120,1030 - 1120am,2187,Chambers Building
SPA,Intermediate Spanish,lecture,MWF,0830,0920,0830 - 0920am,2198,Chambers Building
SPA,Intermediate Spanish,lecture,MWF,1030,1120,1030 - 1120am,2198,Chambers Building
SPA,Intermediate Spanish,lecture,MWF,1330,1420,0130 - 0220pm,2198,Chambers Building
SPA,Intermediate Spanish,lecture,MWF,1430,1520,0230 - 0320pm,2198,Chambers Building
SPA,Intermediate Spanish,lecture,MWF,1130,1220,1130 - 1220pm,HANCE,Chambers Building
SPA,Research Methods in Linguistic,lecture,,,,TBA ,,
SPA,Conversation & Composition,lecture,MWF,1230,1320,1230 - 0120pm,3234,Chambers Building
SPA,Conversation & Composition,lecture,TR,1340,1455,0140 - 0255pm,3187,Chambers Building
SPA,Spanish for the Professions,lecture,MWF,1130,1220,1130 - 1220pm,3234,Chambers Building
SPA,Hispanic Humanities I,lecture,TR,1340,1455,0140 - 0255pm,2198,Chambers Building
SPA,Hispanic Humanities II,lecture,TR,0940,1055,0940 - 1055am,3187,Chambers Building
SPA,Hispanic Humanities II,lecture,TR,1215,1330,1215 - 0130pm,3198,Chambers Building
SPA,The Bilingual Mind,lecture,MWF,0930,1020,0930 - 1020am,2187,Chambers Building
SPA,Emotionl Comm Medievel Iberia,lecture,TR,0815,0930,0815 - 0930am,3209,Chambers Building
SPA,IS: Spa Lit Prior to 1700,lecture,,,,TBA ,,
SPA,Cultural Politics of Flamenco,lecture,TR,0940,1055,0940 - 1055am,3209,Chambers Building
SPA,Contemp Latin American Cinema,lecture,TR,1340,1455,0140 - 0255pm,3198,Chambers Building
SPA, Latinx Border Crossings,lecture,MWF,1130,1220,1130 - 1220pm,1027,Chambers Building
SPA,Special Topics (post-1800),lecture,TR,1215,1330,1215 - 0130pm,3187,Chambers Building
SPA,Race&Empire in Hisp Atlantic  ,lecture,TR,1505,1620,0305 - 0420pm,B027,Chambers Building
SPA,Puerto Rico: Arts & Resistance,lecture,MW,1430,1545,0230 - 0345pm,3198,Chambers Building
SPA,"Sr Honors, Tutorial & Thesis",lecture,,,,TBA ,,
HIS,Race and Campus Histories,lecture,TR,1215,1330,1215 - 0130pm,1006,Chambers Building
HIS,Urban Africa/Popular Culture,lecture,TR,1340,1455,0140 - 0255pm,HANCE,Chambers Building
HIS,Athenian Law in Action,lecture,MWF,0830,0920,0830 - 0920am,3106,Chambers Building
HIS,Families of Anc Mediterranean,lecture,MW,1430,1545,0230 - 0345pm,2068,Chambers Building
HIS,"Sex, Law & Modernity",lecture,TR,1215,1330,1215 - 0130pm,2187,Chambers Building
HIS,Russia: A Multinational Empire,lecture,TR,0815,0930,0815 - 0930am,3084,Chambers Building
HIS,Place & Nation in Mod Lat Amer,lecture,MWF,1030,1120,1030 - 1120am,3106,Chambers Building
HIS,Making Modern South Asia,lecture,MWF,0830,0920,0830 - 0920am,2068,Chambers Building
HIS,"Mid East,610-1453:Formtn Islam",lecture,MWF,1130,1220,1130 - 1220pm,3106,Chambers Building
HIS,Modern East Asia,lecture,MWF,0930,1020,0930 - 1020am,3106,Chambers Building
HIS,Food and Empire,lecture,MWF,1030,1120,1030 - 1120am,1006,Chambers Building
HIS,American Revolutions 1763-1821,lecture,TR,1505,1620,0305 - 0420pm,1015,Chambers Building
HIS,"Zionism, Israel, Palestine",lecture,TR,1215,1330,1215 - 0130pm,1015,Chambers Building
HIS,"The Crusades, Then and Now",lecture,TR,0940,1055,0940 - 1055am,119,Watson Life Sciences Building
HIS,Britain in Long 18C,lecture,TR,1340,1455,0140 - 0255pm,1046,Chambers Building
HIS,The Vietnam Experience,lecture,MW,0805,0920,0805 - 0920am,1006,Chambers Building
HIS,Modern China,lecture,MWF,1330,1420,0130 - 0220pm,3106,Chambers Building
HIS,Independent Study,lecture,,,,TBA ,,
HIS,Digital Medieval History,lecture,T,1340,1620,0140 - 0420pm,1086,Chambers Building
HIS,Genocides in 20thC Eurasia,lecture,R,1340,1620,0140 - 0420pm,1096,Chambers Building
HIS,Making of the Pacific World,lecture,M,1330,1620,0130 - 0420pm,2234,Chambers Building
HIS,Age of Revolution: US in 1960s,lecture,W,1330,1620,0130 - 0420pm,108,Visual Arts Center
HIS,Neoliberalism's Global History,lecture,M,1330,1620,0130 - 0420pm,2196,Chambers Building
HIS,Kelley Honors Seminar,lecture,W,1330,1620,0130 - 0420pm,2196,Chambers Building
HIS,"Sex, Power & Religion in Latin",lecture,TR,1340,1455,0140 - 0255pm,1015,Chambers Building
HUM,Connections and Conflicts II,second meeting time,R,1505,1620,0305 - 0420pm,HANCE,Chambers Building
HUM,Connections and Conflicts II,lecture,TR,0940,1055,0940 - 1055am,HANCE,Chambers Building
HUM,Adv Studies in Humanities II,lecture,T,1505,1620,0305 - 0420pm,3234,Chambers Building
LAT,Introductory Latin II,lecture,MWF,1130,1220,1130 - 1220pm,1046,Chambers Building
LAT,Pastoral Poetry,lecture,MWF,1030,1120,1030 - 1120am,1086,Chambers Building
LAT,Adv Pastoral Poetry,lecture,MWF,1030,1120,1030 - 1120am,1086,Chambers Building
LAT,Theory & Prac Literature,lecture,W,1330,1620,0130 - 0420pm,3187,Chambers Building
LAS,Politics of Joy,lecture,W,1330,1620,0130 - 0420pm,111,Cunningham Fine Arts
LAS,Religion in Latin America,lecture,MW,1430,1545,0230 - 0345pm,1096,Chambers Building
LAS,Topics in Sculpture,lecture,W,1330,1620,0130 - 0420pm,106,Visual Arts Center
LAS,Topics in Sculpture,lecture,T,1340,1620,0140 - 0420pm,106,Visual Arts Center
LAS,Place & Nation in Mod Lat Amer,lecture,MWF,1030,1120,1030 - 1120am,3106,Chambers Building
LAS,Intro to Latin Amer Studies,lecture,TR,0815,0930,0815 - 0930am,3068,Chambers Building
LAS,Afro-Brazilian History & Cultu,lecture,TR,1505,1620,0305 - 0420pm,1003,Chambers Building
LAS,Latinx Citizenship,lecture,MWF,0930,1020,0930 - 1020am,1046,Chambers Building
LAS,"Sex, Power & Religion in Latin",lecture,TR,1340,1455,0140 - 0255pm,1015,Chambers Building
LAS,Undocumented Immigration,lecture,TR,0940,1055,0940 - 1055am,1015,Chambers Building
LAS,Music of Brazil,lecture,TR,0940,1055,0940 - 1055am,201,Sloan Music Building
LAS,Adv Music of Brazil,lecture,TR,0940,1055,0940 - 1055am,201,Sloan Music Building
LAS,Intro to Research Methods,second meeting time,W,1430,1545,0230 - 0345pm,B05,Wall Academic Center
LAS,Intro to Research Methods,lecture,MWF,1030,1120,1030 - 1120am,B05,Wall Academic Center
LAS,Intro to Research Methods,second meeting time,R,1505,1620,0305 - 0420pm,B05,Wall Academic Center
LAS,Intro to Research Methods,lecture,MWF,1130,1220,1130 - 1220pm,B05,Wall Academic Center
LAS,Hispanic Humanities I,lecture,TR,1340,1455,0140 - 0255pm,2198,Chambers Building
LAS,Hispanic Humanities II,lecture,TR,0940,1055,0940 - 1055am,3187,Chambers Building
LAS,Hispanic Humanities II,lecture,TR,1215,1330,1215 - 0130pm,3198,Chambers Building
LAS,Contemp Latin American Cinema,lecture,TR,1340,1455,0140 - 0255pm,3198,Chambers Building
LAS, Latinx Border Crossings,lecture,MWF,1130,1220,1130 - 1220pm,1027,Chambers Building
LAS,Special Topics (post-1800),lecture,TR,1215,1330,1215 - 0130pm,3187,Chambers Building
LAS,Race&Empire in Hisp Atlantic  ,lecture,TR,1505,1620,0305 - 0420pm,B027,Chambers Building
LAS,Puerto Rico: Arts & Resistance,lecture,MW,1430,1545,0230 - 0345pm,3198,Chambers Building
MAT,Discrete Structures,lecture,TR,0940,1055,0940 - 1055am,243,Watson Life Sciences Building
MAT,Introduction to Statistics,lecture,MWF,1130,1220,1130 - 1220pm,247,Watson Life Sciences Building
MAT,Calculus I and Modeling,lecture,MWF,0930,1020,0930 - 1020am,147,Watson Life Sciences Building
MAT,Calculus I and Modeling,lecture,MWF,1030,1120,1030 - 1120am,147,Watson Life Sciences Building
MAT,Calculus I and Modeling,lecture,MWF,0830,0920,0830 - 0920am,2187,Chambers Building
MAT,Calculus II,lecture,MWF,0930,1020,0930 - 1020am,HANCE,Chambers Building
MAT,Calculus II,lecture,MWF,1230,1320,1230 - 0120pm,119,Watson Life Sciences Building
MAT,Multivar Calculus & Modeling,lecture,MWF,1230,1320,1230 - 0120pm,147,Watson Life Sciences Building
MAT,Linear Algebra,lecture,TR,1215,1330,1215 - 0130pm,243,Watson Life Sciences Building
MAT,Linear Algebra,lecture,TR,1340,1455,0140 - 0255pm,132,Watson Life Sciences Building
MAT,Calculus III,lecture,MWF,1030,1120,1030 - 1120am,119,Watson Life Sciences Building
MAT,Mathematical Modeling,lecture,MWF,1230,1320,1230 - 0120pm,3155,Chambers Building
MAT,Mathematical Modeling,lecture,MWF,1330,1420,0130 - 0220pm,3155,Chambers Building
MAT,Sets and Proofs,lecture,TR,1505,1620,0305 - 0420pm,119,Watson Life Sciences Building
MAT,Numerical Analysis,lecture,TR,1215,1330,1215 - 0130pm,B05,Wall Academic Center
MAT,Complex Analysis,lecture,TR,0815,0930,0815 - 0930am,1046,Chambers Building
MAT,Mathematical Statistics,lecture,TR,0940,1055,0940 - 1055am,2234,Chambers Building
MAT,Knot Theory,lecture,MWF,1330,1420,0130 - 0220pm,147,Watson Life Sciences Building
MAT,Mathematics of Ranking,lecture,,,,TBA ,,
MAT,Advanced Sports Analytics,lecture,,,,TBA ,,
MAT,Advanced Basketball Analytics,lecture,,,,TBA ,,
MAT,Applied Baseball Analytics II,lecture,,,,TBA ,,
MAT,Partial Differential Equations,lecture,,,,TBA ,,
MAT,Biomechanical Math Modeling II,lecture,,,,TBA ,,
MAT,Advanced Linear Algebra,lecture,MW,1430,1545,0230 - 0345pm,147,Watson Life Sciences Building
MAT,Poset Saturation II,lecture,,,,TBA ,,
MAT,Independent Study,lecture,,,,TBA ,,
MAT,Inference for Faulty Computing,lecture,,,,TBA ,,
MAT,Knot-Theoretic Games,lecture,,,,TBA ,,
MAT,Thesis: Random Vector norms,lecture,,,,TBA ,,
IMES,"Mid East,610-1453:Formtn Islam",lecture,MWF,1130,1220,1130 - 1220pm,3106,Chambers Building
IMES,Political Islam,lecture,T,1340,1620,0140 - 0420pm,1096,Chambers Building
MIL,Intro to Leadership,lecture,,,,TBA ,024,Preyer Building
MIL,Found of Tactical Leadership,lecture,,,,TBA ,024,Preyer Building
MIL,Leadership in Changing Environ,lecture,,,,TBA ,024,Preyer Building
MIL,American Military History,lecture,,,,TBA ,024,Preyer Building
MIL,Leadership in Complex World,lecture,,,,TBA ,024,Preyer Building
MUS,Contemporary Music Theory,lecture,MWF,1130,1220,1130 - 1220pm,201,Sloan Music Building
MUS,Music in Western Civilization,lecture,MWF,0930,1020,0930 - 1020am,201,Sloan Music Building
MUS,Harmony,lecture,MWF,1030,1120,1030 - 1120am,B011,Sloan Music Building
MUS,Styles-South Asian Hip-Hop,lecture,TR,1505,1620,0305 - 0420pm,157,Watson Life Sciences Building
MUS,Styles-Bollywood,lecture,MW,1430,1545,0230 - 0345pm,B011,Sloan Music Building
MUS,Film Music,lecture,TR,1340,1455,0140 - 0255pm,B011,Sloan Music Building
MUS,Religious Music of South Asia,lecture,TR,1340,1455,0140 - 0255pm,157,Watson Life Sciences Building
MUS,Music of Brazil,lecture,TR,0940,1055,0940 - 1055am,201,Sloan Music Building
MUS,"Organology, The Study of Music",lecture,,,,TBA ,,
MUS,Adv Film Music,lecture,TR,1340,1455,0140 - 0255pm,B011,Sloan Music Building
MUS,Adv Music of Brazil,lecture,TR,0940,1055,0940 - 1055am,201,Sloan Music Building
MUS,Adv Studies in Composition,lecture,TR,1215,1330,1215 - 0130pm,B020,Sloan Music Building
MUS,Independent Study,lecture,,,,TBA ,,
MUS,Independent Study,lecture,,,,TBA ,,
PHI,Reason and Argument,lecture,TR,0815,0930,0815 - 0930am,1027,Chambers Building
PHI,Early Mod European Philosophy,lecture,TR,0940,1055,0940 - 1055am,3068,Chambers Building
PHI,Problems of Philosophy,lecture,TR,1215,1330,1215 - 0130pm,3234,Chambers Building
PHI,Conceptions of the Self,lecture,MWF,1330,1420,0130 - 0220pm,1027,Chambers Building
PHI,Great Philosophers: Plato,lecture,MWF,1130,1220,1130 - 1220pm,3068,Chambers Building
PHI,PPE Gateway,lecture,TR,1505,1620,0305 - 0420pm,2234,Chambers Building
PHI,Freedom and Responsibility,lecture,MW,1430,1545,0230 - 0345pm,3155,Chambers Building
PHI,Political Philosophy,lecture,TR,1340,1455,0140 - 0255pm,1003,Chambers Building
PHI,Philosophy of Religion,lecture,MWF,1030,1120,1030 - 1120am,1046,Chambers Building
PHI,Existentialism,lecture,MWF,1230,1320,1230 - 0120pm,3106,Chambers Building
PHI,Buddhism as Philosophy,lecture,MWF,0830,0920,0830 - 0920am,2084,Chambers Building
PHI,Evolution and Morality,lecture,MWF,0930,1020,0930 - 1020am,1015,Chambers Building
PHI,"Agency, Respons & Mental",lecture,MWF,1330,1420,0130 - 0220pm,1045,Chambers Building
PHI,Indep Research in Philosophy,lecture,,,,TBA ,,
PHI,Senior Colloq in Philosophy,lecture,R,1340,1620,0140 - 0420pm,111,Cunningham Fine Arts
PHI,Senior Thesis,lecture,,,,TBA ,,
PHI,Senior Thesis,lecture,,,,TBA ,,
PHI,Senior Thesis in Philosophy,lecture,,,,TBA ,,
PPE,Decolonizing Develop in Africa,lecture,T,1340,1620,0140 - 0420pm,1006,Chambers Building
PPE,Introductory Economics,lecture,TR,0940,1055,0940 - 1055am,146,Dana Science Building
PPE,Introductory Economics,lecture,TR,1215,1330,1215 - 0130pm,146,Dana Science Building
PPE,Introductory Economics,lecture,MWF,1330,1420,0130 - 0220pm,2084,Chambers Building
PPE,Introductory Economics,lecture,MWF,0930,1020,0930 - 1020am,157,Watson Life Sciences Building
PPE,Intermed Microeconomic Theory,lecture,TR,0940,1055,0940 - 1055am,3155,Chambers Building
PPE,Intermed Microeconomic Theory,lecture,TR,1215,1330,1215 - 0130pm,119,Watson Life Sciences Building
PPE,Intermed Macroeconomic Theory,lecture,TR,0815,0930,0815 - 0930am,3155,Chambers Building
PPE,Intermed Macroeconomic Theory,lecture,TR,1215,1330,1215 - 0130pm,3155,Chambers Building
PPE,Stats & Basic Econometrics,second meeting time,T,1340,1455,0140 - 0255pm,2187,Chambers Building
PPE,Stats & Basic Econometrics,lecture,MWF,0930,1020,0930 - 1020am,2084,Chambers Building
PPE,Stats & Basic Econometrics,second meeting time,T,1505,1620,0305 - 0420pm,2068,Chambers Building
PPE,Stats & Basic Econometrics,lecture,MWF,1130,1220,1130 - 1220pm,2234,Chambers Building
PPE,Econometrics,second meeting time,R,1340,1455,0140 - 0255pm,108,Visual Arts Center
PPE,Econometrics,lecture,TR,0815,0930,0815 - 0930am,2198,Chambers Building
PPE,Econometrics,second meeting time,R,1505,1620,0305 - 0420pm,117,Visual Arts Center
PPE,Econometrics,lecture,TR,0940,1055,0940 - 1055am,2198,Chambers Building
PPE,Environ & Nat Resour Economics,lecture,TR,1340,1455,0140 - 0255pm,3106,Chambers Building
PPE,Economics of Gender & Family,lecture,MWF,1230,1320,1230 - 0120pm,HANCE,Chambers Building
PPE,Financial Economics,lecture,MWF,1330,1420,0130 - 0220pm,1003,Chambers Building
PPE,Economics of Mining & Sust Dev,lecture,TR,1505,1620,0305 - 0420pm,3155,Chambers Building
PPE,Int'l Political Economy,lecture,MW,1430,1545,0230 - 0345pm,3106,Chambers Building
PPE,Health Economics,lecture,MWF,1030,1120,1030 - 1120am,3068,Chambers Building
PPE,Sports Economics,lecture,MWF,1130,1220,1130 - 1220pm,119,Watson Life Sciences Building
PPE,International Trade,lecture,TR,1340,1455,0140 - 0255pm,146,Dana Science Building
PPE,Forecasting,lecture,MWF,1230,1320,1230 - 0120pm,1096,Chambers Building
PPE,Introduction to Global Health,lecture,MW,0805,0920,0805 - 0920am,109,Watson Life Sciences Building
PPE,Freedom and Responsibility,lecture,MW,1430,1545,0230 - 0345pm,3155,Chambers Building
PPE,Political Philosophy,lecture,TR,1340,1455,0140 - 0255pm,1003,Chambers Building
PPE,Comparative Politics,lecture,TR,0815,0930,0815 - 0930am,2084,Chambers Building
PPE,Comparative Politics,lecture,MW,0805,0920,0805 - 0920am,1027,Chambers Building
PPE,Intro to Int'l Relations,lecture,TR,1505,1620,0305 - 0420pm,147,Watson Life Sciences Building
PPE,The Presidency,lecture,MWF,1030,1120,1030 - 1120am,3155,Chambers Building
PPE,Politics of Africa,lecture,MWF,1230,1320,1230 - 0120pm,1006,Chambers Building
PPE,Foundations of Liberalism,lecture,TR,0940,1055,0940 - 1055am,3084,Chambers Building
PPE,Education for Leadership,lecture,TR,1215,1330,1215 - 0130pm,3068,Chambers Building
PPE,Lincoln & Crisis of Amer Demo,lecture,TR,0815,0930,0815 - 0930am,2068,Chambers Building
PPE,Constitutional Law,lecture,TR,1215,1330,1215 - 0130pm,HANCE,Chambers Building
PPE,Campaign Strategy,lecture,MWF,1130,1220,1130 - 1220pm,3155,Chambers Building
PPE,Global Environmental Politics,lecture,TR,1340,1455,0140 - 0255pm,3084,Chambers Building
PPE,Women In US Politics,lecture,M,1330,1620,0130 - 0420pm,108,Visual Arts Center
PPE,Rise of China,lecture,R,1340,1620,0140 - 0420pm,2209,Chambers Building
PPE,Political Islam,lecture,T,1340,1620,0140 - 0420pm,1096,Chambers Building
PPE,Politics and Governance,lecture,M,1330,1620,0130 - 0420pm,3234,Chambers Building
PPE,Honors Thesis,lecture,,,,TBA ,,
PPE,Gender and Political Messaging,lecture,,,,TBA ,,
PPE,"Lincoln, Scruton, and the Ques",lecture,,,,TBA ,,
PPE,Advanced Independent Study,lecture,,,,TBA ,,
PPE,Honors Thesis: Urban Politics,lecture,,,,TBA ,,
PHY,Gen Physics +Calc I:Studio+Lab,lecture,MWF,1030,1220,1030 - 1220pm,111,Dana Science Building
PHY,General Physics II Studio +Lab,lecture,MWF,0830,1020,0830 - 1020am,127,Dana Science Building
PHY,General Physics II Studio +Lab,lecture,MWF,0830,1020,0830 - 1020am,127,Dana Science Building
PHY,Gen PhysicsII +Calc:Studio+Lab,lecture,MWF,1030,1220,1030 - 1220pm,127,Dana Science Building
PHY,Gen PhysicsII +Calc:Studio+Lab,lecture,MWF,1030,1220,1030 - 1220pm,127,Dana Science Building
PHY,Gen PhysicsII +Calc:Studio+Lab,lecture,MWF,1230,1420,1230 - 0220pm,127,Dana Science Building
PHY,Gen PhysicsII +Calc:Studio+Lab,lecture,MWF,1230,1420,1230 - 0220pm,127,Dana Science Building
PHY,Computational Physics,lecture,TR,1340,1455,0140 - 0255pm,B05,Wall Academic Center
PHY,Math Methods for Scientists,lecture,TR,0940,1055,0940 - 1055am,127,Dana Science Building
PHY,Advanced Laboratory + lab,second meeting time,TR,1215,1455,1215 - 0255pm,B054,Dana Science Building
PHY,Advanced Laboratory + lab,lecture,MWF,1230,1320,1230 - 0120pm,B055,Dana Science Building
PHY,Electricity & Magnetism,lecture,MWF,0930,1020,0930 - 1020am,140,Watson Life Sciences Building
PHY,Quantum Computing,lecture,,,,TBA ,,
PHY,Quantum for Medical Devices,lecture,,,,TBA ,,
PHY,Wildcat Motorsports Baja SAE,lecture,,,,TBA ,,
PHY,Quantum for Astrophysics,lecture,,,,TBA ,,
PHY,Mechanics of Materials,lecture,,,,TBA ,,
PHY,Intermediate Astrophysics,lecture,TR,0940,1055,0940 - 1055am,111,Dana Science Building
PHY,Honors Thesis Prep/Writing,lecture,,,,TBA ,,
PHY,Independent Research,lecture,,,,TBA ,,
PHY,Honors Research: Double Wells,lecture,,,,TBA ,,
PHY,Independent Research,lecture,,,,TBA ,,
PHY,Research in Medical Physics,lecture,,,,TBA ,,
PHY,Physics Independent Study,lecture,,,,TBA ,,
PHY,Independent Research,lecture,,,,TBA ,,
POL,Int'l Political Economy,lecture,MW,1430,1545,0230 - 0345pm,3106,Chambers Building
POL,Intro to Education Policy,lecture,TR,0815,0930,0815 - 0930am,1003,Chambers Building
POL,Intro to Education Policy,lecture,TR,1215,1330,1215 - 0130pm,3084,Chambers Building
POL,Local Env Governance,lecture,MWF,1130,1220,1130 - 1220pm,147,Watson Life Sciences Building
POL,Comparative Politics,lecture,TR,0815,0930,0815 - 0930am,2084,Chambers Building
POL,Comparative Politics,lecture,MW,0805,0920,0805 - 0920am,1027,Chambers Building
POL,Intro to Int'l Relations,lecture,TR,1505,1620,0305 - 0420pm,147,Watson Life Sciences Building
POL,Intro to Policy Analysis,lecture,MWF,0930,1020,0930 - 1020am,1003,Chambers Building
POL,Intro to Research Methods,second meeting time,W,1430,1545,0230 - 0345pm,B05,Wall Academic Center
POL,Intro to Research Methods,lecture,MWF,1030,1120,1030 - 1120am,B05,Wall Academic Center
POL,Intro to Research Methods,second meeting time,R,1505,1620,0305 - 0420pm,B05,Wall Academic Center
POL,Intro to Research Methods,lecture,MWF,1130,1220,1130 - 1220pm,B05,Wall Academic Center
POL,The Presidency,lecture,MWF,1030,1120,1030 - 1120am,3155,Chambers Building
POL,Politics of Africa,lecture,MWF,1230,1320,1230 - 0120pm,1006,Chambers Building
POL,Foundations of Liberalism,lecture,TR,0940,1055,0940 - 1055am,3084,Chambers Building
POL,Education for Leadership,lecture,TR,1215,1330,1215 - 0130pm,3068,Chambers Building
POL,Lincoln & Crisis of Amer Demo,lecture,TR,0815,0930,0815 - 0930am,2068,Chambers Building
POL,Local Env Governance,lecture,MWF,1130,1220,1130 - 1220pm,147,Watson Life Sciences Building
POL,Constitutional Law,lecture,TR,1215,1330,1215 - 0130pm,HANCE,Chambers Building
POL,Campaign Strategy,lecture,MWF,1130,1220,1130 - 1220pm,3155,Chambers Building
POL,International Security,lecture,TR,0815,0930,0815 - 0930am,3106,Chambers Building
POL,The IR of the Asia Pacific,lecture,TR,0940,1055,0940 - 1055am,1027,Chambers Building
POL,Politics of Redistricting,lecture,,,,TBA ,,
POL,Global Environmental Politics,lecture,TR,1340,1455,0140 - 0255pm,3084,Chambers Building
POL,Sem: Against Liberal Democracy,lecture,TR,1340,1455,0140 - 0255pm,2196,Chambers Building
POL,Women In US Politics,lecture,M,1330,1620,0130 - 0420pm,108,Visual Arts Center
POL,Rise of China,lecture,R,1340,1620,0140 - 0420pm,2209,Chambers Building
POL,Political Islam,lecture,T,1340,1620,0140 - 0420pm,1096,Chambers Building
POL,Politics and Governance,lecture,M,1330,1620,0130 - 0420pm,3234,Chambers Building
POL,Honors Thesis,lecture,,,,TBA ,,
POL,Gender and Political Messaging,lecture,,,,TBA ,,
POL,"Lincoln, Scruton, and the Ques",lecture,,,,TBA ,,
POL,Advanced Independent Study,lecture,,,,TBA ,,
POL,Honors Thesis: Urban Politics,lecture,,,,TBA ,,
PSY,Compar Neuroendocrinology +Lab,second meeting time,W,1330,1620,0130 - 0420pm,143,Wall Academic Center
PSY,Compar Neuroendocrinology +Lab,lecture,TR,1215,1330,1215 - 0130pm,243,Wall Academic Center
PSY,Compar Neuroendocrinology +Lab,second meeting time,R,1340,1620,0140 - 0420pm,143,Wall Academic Center
PSY,Compar Neuroendocrinology +Lab,lecture,TR,1215,1330,1215 - 0130pm,243,Wall Academic Center
PSY,Animal Behavior +Lab,second meeting time,W,1330,1620,0130 - 0420pm,149,Wall Academic Center
PSY,Animal Behavior +Lab,lecture,TR,1215,1330,1215 - 0130pm,210,Wall Academic Center
PSY,Animal Behavior +Lab,second meeting time,R,1340,1620,0140 - 0420pm,149,Wall Academic Center
PSY,Animal Behavior +Lab,lecture,TR,1215,1330,1215 - 0130pm,210,Wall Academic Center
PSY,General Psychology,lecture,MWF,1030,1120,1030 - 1120am,210,Wall Academic Center
PSY,General Psychology,lecture,MWF,1530,1620,0330 - 0420pm,210,Wall Academic Center
PSY,Independent Study in PSY,lecture,,,,TBA ,,
PSY,Development of STEM Beliefs,lecture,,,,TBA ,,
PSY,Neuroscience Study and Lab,lecture,,,,TBA ,,
PSY,Neurobiology of Alzheimer's,lecture,,,,TBA ,,
PSY,Independent Study in PSY,lecture,,,,TBA ,,
PSY,Neuroscience of Depression,lecture,,,,TBA ,,
PSY,Neurodegeneration in Alzheimer,lecture,,,,TBA ,,
PSY,Independent Study in PSY,lecture,,,,TBA ,,
PSY,Research Design & Statistics 1,lecture,MWF,1230,1320,1230 - 0120pm,106,Wall Academic Center
PSY,Research Design & Statistics 1,lecture,MWF,1330,1420,0130 - 0220pm,106,Wall Academic Center
PSY,Health Psychology,lecture,TR,0815,0930,0815 - 0930am,119,Watson Life Sciences Building
PSY,Abnormal Psychology,lecture,MWF,0830,0920,0830 - 0920am,320,Wall Academic Center
PSY,Child Psychopathology,lecture,TR,0815,0930,0815 - 0930am,320,Wall Academic Center
PSY,Educational Psychology,lecture,MWF,1530,1620,0330 - 0420pm,109,Watson Life Sciences Building
PSY,Industrial/Organizational Psy,lecture,TR,0940,1055,0940 - 1055am,243,Wall Academic Center
PSY,Learning,lecture,TR,1340,1455,0140 - 0255pm,243,Wall Academic Center
PSY,Collective Memory,lecture,TR,0940,1055,0940 - 1055am,210,Wall Academic Center
PSY,Research Design & Statistics 2,lecture,MWF,1030,1120,1030 - 1120am,106,Wall Academic Center
PSY,Research Design & Statistics 2,lecture,MWF,1230,1320,1230 - 0120pm,243,Wall Academic Center
PSY,Psy Res:Perception & Attention,second meeting time,T,1340,1620,0140 - 0420pm,307,Wall Academic Center
PSY,Psy Res:Perception & Attention,lecture,MWF,1430,1520,0230 - 0320pm,106,Wall Academic Center
PSY,Psy Res:Perception & Attention,second meeting time,T,1340,1620,0140 - 0420pm,307,Wall Academic Center
PSY,Psy Res:Perception & Attention,lecture,MWF,1430,1520,0230 - 0320pm,106,Wall Academic Center
PSY,Psy Res: Data Visualization,second meeting time,TR,0815,0930,0815 - 0930am,1096,Chambers Building
PSY,Psy Res: Data Visualization,lecture,MWF,0930,1020,0930 - 1020am,307,Wall Academic Center
PSY,Psy Res: Data Visualization,second meeting time,TR,0815,0930,0815 - 0930am,1096,Chambers Building
PSY,Psy Res: Data Visualization,lecture,MWF,0930,1020,0930 - 1020am,307,Wall Academic Center
PSY,Psy Res: Indus/Organiza Psy,second meeting time,F,0830,1020,0830 - 1020am,380,Wall Academic Center
PSY,Psy Res: Indus/Organiza Psy,lecture,TR,1505,1620,0305 - 0420pm,106,Wall Academic Center
PSY,Psy Res: Indus/Organiza Psy,second meeting time,F,0830,1020,0830 - 1020am,380,Wall Academic Center
PSY,Psy Res: Indus/Organiza Psy,lecture,TR,1505,1620,0305 - 0420pm,106,Wall Academic Center
PSY,Psy Res: Indus/Organiza Psy,second meeting time,F,1030,1220,1030 - 1220pm,380,Wall Academic Center
PSY,Psy Res: Indus/Organiza Psy,lecture,TR,1505,1620,0305 - 0420pm,106,Wall Academic Center
PSY,Psy Res: Indus/Organiza Psy,second meeting time,F,1030,1220,1030 - 1220pm,380,Wall Academic Center
PSY,Psy Res: Indus/Organiza Psy,lecture,TR,1505,1620,0305 - 0420pm,106,Wall Academic Center
PSY,Psy Research: Social Psy,second meeting time,W,0830,1020,0830 - 1020am,228,Wall Academic Center
PSY,Psy Research: Social Psy,lecture,TR,1215,1330,1215 - 0130pm,106,Wall Academic Center
PSY,Psy Research: Social Psy,second meeting time,W,0830,1020,0830 - 1020am,228,Wall Academic Center
PSY,Psy Research: Social Psy,lecture,TR,1215,1330,1215 - 0130pm,106,Wall Academic Center
PSY,Psy Research: Social Psy,second meeting time,W,1030,1220,1030 - 1220pm,228,Wall Academic Center
PSY,Psy Research: Social Psy,lecture,TR,1215,1330,1215 - 0130pm,106,Wall Academic Center
PSY,Psy Research: Social Psy,second meeting time,W,1030,1220,1030 - 1220pm,228,Wall Academic Center
PSY,Psy Research: Social Psy,lecture,TR,1215,1330,1215 - 0130pm,106,Wall Academic Center
PSY,Functional Neuroanatomy,lecture,W,1330,1620,0130 - 0420pm,307,Wall Academic Center
PSY,"Music, Nostalgia, and Memory",lecture,,,,TBA ,,
PSY,Adv Sem:Gender&Psychopathology,lecture,TR,0815,0930,0815 - 0930am,243,Wall Academic Center
PSY,Adv Sem:Gender&Psychopathology,lecture,TR,0815,0930,0815 - 0930am,243,Wall Academic Center
PSY,Adv Sem: Med Rehab Disability,lecture,TR,0940,1055,0940 - 1055am,109,Watson Life Sciences Building
PSY,Adv Sem:Clinical Neuropsych,lecture,M,1330,1620,0130 - 0420pm,307,Wall Academic Center
PSY,Adv Sem: Clinical Neuropsych,lecture,M,1330,1640,0130 - 0440pm,307,Wall Academic Center
PSY,Senior Thesis,lecture,,,,TBA ,,
PSY,Senior Thesis,lecture,,,,TBA ,,
PSY,Senior Thesis,lecture,,,,TBA ,,
PSY,Senior Thesis,lecture,,,,TBA ,,
PSY,Senior Thesis,lecture,,,,TBA ,,
PSY,Issues in Psychology,lecture,TR,0940,1055,0940 - 1055am,307,Wall Academic Center
PSY,Issues in Psychology,lecture,TR,1215,1330,1215 - 0130pm,307,Wall Academic Center
PSY,Issues in Psychology,lecture,TR,1340,1455,0140 - 0255pm,119,Watson Life Sciences Building
PSY,The Bilingual Mind,lecture,MWF,0930,1020,0930 - 1020am,2187,Chambers Building
PBH,Human Form and Function +Lab,second meeting time,M,1330,1620,0130 - 0420pm,118,Wall Academic Center
PBH,Human Form and Function +Lab,lecture,TR,0940,1055,0940 - 1055am,3106,Chambers Building
PBH,Human Form and Function +Lab,second meeting time,T,1340,1620,0140 - 0420pm,118,Wall Academic Center
PBH,Human Form and Function +Lab,lecture,TR,0940,1055,0940 - 1055am,3106,Chambers Building
PBH,Parasites and Pathogens,lecture,TR,0940,1055,0940 - 1055am,100,Sloan Music Building
PBH,Antiracist Physiol & Medicine,lecture,TR,1215,1330,1215 - 0130pm,320,Wall Academic Center
PBH,"Molec, Cell, Neurobio Research",lecture,MWF,1330,1420,0130 - 0220pm,243,Wall Academic Center
PBH,Biology of Cancer,lecture,TR,0815,0930,0815 - 0930am,3234,Chambers Building
PBH,Biology of Cancer,lecture,TR,0940,1055,0940 - 1055am,3234,Chambers Building
PBH,Maternal & Fetal Health,lecture,TR,1215,1330,1215 - 0130pm,2234,Chambers Building
PBH,Movement Lab,lecture,MW,0930,1120,0930 - 1120am,1100,Baker Sports Complex
PBH,Illness Narratives,lecture,MWF,1230,1320,1230 - 0120pm,1003,Chambers Building
PBH,Introduction to Public Health,lecture,MWF,1030,1120,1030 - 1120am,2084,Chambers Building
PBH,Intro to Clinical Ethics,lecture,TR,0815,0930,0815 - 0930am,109,Cunningham Fine Arts
PBH,Public Health Methods,lecture,MWF,1430,1520,0230 - 0320pm,109,Watson Life Sciences Building
PBH,Introduction to Global Health,lecture,MW,0805,0920,0805 - 0920am,109,Watson Life Sciences Building
PBH,Intro to Epidemiology,lecture,T,0815,1055,0815 - 1055am,3198,Chambers Building
PBH,Water and Health,lecture,MW,1430,1545,0230 - 0345pm,119,Watson Life Sciences Building
PBH,Health Psychology,lecture,TR,0815,0930,0815 - 0930am,119,Watson Life Sciences Building
PBH,Abnormal Psychology,lecture,MWF,0830,0920,0830 - 0920am,320,Wall Academic Center
PBH,Child Psychopathology,lecture,TR,0815,0930,0815 - 0930am,320,Wall Academic Center
PBH,Adv Sem: Med Rehab Disability,lecture,TR,0940,1055,0940 - 1055am,109,Watson Life Sciences Building
PBH,Sociology of Disability,lecture,MWF,0830,0920,0830 - 0920am,3068,Chambers Building
REL,Religion in Latin America,lecture,MW,1430,1545,0230 - 0345pm,1096,Chambers Building
REL,Religion and Economics,lecture,MWF,0930,1020,0930 - 1020am,3068,Chambers Building
REL,Islam in America,lecture,MW,0805,0920,0805 - 0920am,101,EU Hall
REL,Religion and Philanthropy,lecture,TR,1215,1330,1215 - 0130pm,3106,Chambers Building
REL,Themes in Theology& Ethics:God,lecture,MWF,1230,1320,1230 - 0120pm,1046,Chambers Building
REL,Moral Reflection Perilous Wrld,lecture,TR,1340,1455,0140 - 0255pm,100,Sloan Music Building
REL,Religion & Economics,lecture,MWF,0930,1020,0930 - 1020am,3068,Chambers Building
REL,Hindu Gods and Goddesses,lecture,TR,1505,1620,0305 - 0420pm,1045,Chambers Building
REL,Buddhism,lecture,MWF,1330,1420,0130 - 0220pm,1006,Chambers Building
REL,What is religion good for?,lecture,MW,1430,1545,0230 - 0345pm,2209,Chambers Building
REL,Evangelical Women in America,lecture,,,,TBA ,,
REL,#Spiritual-But-Not-Religious,lecture,T,0815,1055,0815 - 1055am,108,Visual Arts Center
REL,Honors Thesis,lecture,,,,TBA ,,
RUS,Literary Analysis,lecture,TR,1340,1455,0140 - 0255pm,109,Watson Life Sciences Building
RUS,Literary Analysis,lecture,MWF,1130,1220,1130 - 1220pm,2084,Chambers Building
RUS,Russia: A Multinational Empire,lecture,TR,0815,0930,0815 - 0930am,3084,Chambers Building
RUS,Genocides in 20thC Eurasia,lecture,R,1340,1620,0140 - 0420pm,1096,Chambers Building
RUS,Theory & Prac Literature,lecture,W,1330,1620,0130 - 0420pm,3187,Chambers Building
RUS,Elementary Russian II,lecture,MWF,1030,1120,1030 - 1120am,3209,Chambers Building
RUS,Intermediate Russian II,lecture,MWF,1130,1220,1130 - 1220pm,3209,Chambers Building
RUS,Russia & the West,lecture,MWF,0830,0920,0830 - 0920am,3187,Chambers Building
RUS, Russian Mass Media,lecture,MWF,0930,1020,0930 - 1020am,3209,Chambers Building
RUS, Adv: Russian Mass Media,lecture,MWF,0930,1020,0930 - 1020am,3209,Chambers Building
RUS,War & Peace: Tolstoy,lecture,T,1340,1620,0140 - 0420pm,2209,Chambers Building
SOC,"Race, Policing, and Justice",lecture,TR,1340,1455,0140 - 0255pm,109,Cunningham Fine Arts
SOC,Oppression & Education,lecture,MWF,0830,0920,0830 - 0920am,1003,Chambers Building
SOC,Feminist & Queer Theories,lecture,TR,1505,1620,0305 - 0420pm,3209,Chambers Building
SOC,Trans Studies,lecture,MWF,1230,1320,1230 - 0120pm,3068,Chambers Building
SOC,"Sex, Love & Relationships",lecture,TR,0815,0930,0815 - 0930am,147,Watson Life Sciences Building
SOC,Queer Disability Studies,lecture,MW,1430,1545,0230 - 0345pm,320,Wall Academic Center
SOC,Latinx Citizenship,lecture,MWF,0930,1020,0930 - 1020am,1046,Chambers Building
SOC,Undocumented Immigration,lecture,TR,0940,1055,0940 - 1055am,1015,Chambers Building
SOC,Introduction to Global Health,lecture,MW,0805,0920,0805 - 0920am,109,Watson Life Sciences Building
SOC,Introductory Sociology,lecture,TR,0815,0930,0815 - 0930am,146,Dana Science Building
SOC,Society of Strangers,lecture,MWF,1030,1120,1030 - 1120am,140,Watson Life Sciences Building
SOC,Social Statistics,lecture,MWF,0930,1020,0930 - 1020am,247,Watson Life Sciences Building
SOC,Racial and Ethnic Relations,lecture,MWF,1130,1220,1130 - 1220pm,140,Watson Life Sciences Building
SOC,Sociology of Disability,lecture,MWF,0830,0920,0830 - 0920am,3068,Chambers Building
SOC,Social Movements,lecture,TR,1215,1330,1215 - 0130pm,2084,Chambers Building
SOC,Demography,lecture,TR,0940,1055,0940 - 1055am,140,Watson Life Sciences Building
SOC,Major Sociological Theorists,lecture,MWF,0830,0920,0830 - 0920am,1096,Chambers Building
SOC,Men and Masculinities,lecture,W,1330,1620,0130 - 0420pm,310,Watson Life Sciences Building
SOC,Survey Research Methods,lecture,TR,1340,1455,0140 - 0255pm,2084,Chambers Building
SOC,Lived (Dis)ability,lecture,,,,TBA ,,
SOC,Invstg Hidden Curriculum,lecture,M,1330,1620,0130 - 0420pm,3068,Chambers Building
SOC,Indep Research in Sociology,lecture,,,,TBA ,,
SOC,Independent Senior Thesis,lecture,,,,TBA ,,
SOC,Independent Senior Thesis,lecture,,,,TBA ,,
SOC,Honors Thesis:Caste & Marriage,lecture,,,,TBA ,,
SOU,Asian Art After 1000,lecture,TR,1215,1330,1215 - 0130pm,117,Visual Arts Center
SOU,The Arts Along the Silk Roads,lecture,MW,1430,1545,0230 - 0345pm,117,Visual Arts Center
SOU,From Agra to Istanbul,lecture,TR,1340,1455,0140 - 0255pm,117,Visual Arts Center
SOU,Odissi Dance Technique I,lecture,MW,1430,1620,0230 - 0420pm,1100,Baker Sports Complex
SOU,Dance on Screen,lecture,MWF,1230,1320,1230 - 0120pm,1086,Chambers Building
SOU,Making Modern South Asia,lecture,MWF,0830,0920,0830 - 0920am,2068,Chambers Building
SOU,Styles-South Asian Hip-Hop,lecture,TR,1505,1620,0305 - 0420pm,157,Watson Life Sciences Building
SOU,Styles-Bollywood,lecture,MW,1430,1545,0230 - 0345pm,B011,Sloan Music Building
SOU,Religious Music of South Asia,lecture,TR,1340,1455,0140 - 0255pm,157,Watson Life Sciences Building
SOU,Buddhism as Philosophy,lecture,MWF,0830,0920,0830 - 0920am,2084,Chambers Building
SOU,Islam in America,lecture,MW,0805,0920,0805 - 0920am,101,EU Hall
SOU,Hindu Gods and Goddesses,lecture,TR,1505,1620,0305 - 0420pm,1045,Chambers Building
SOU,Buddhism,lecture,MWF,1330,1420,0130 - 0220pm,1006,Chambers Building
SOU,Beginning Hindi,lecture,,,,TBA ,,
SOU,Intro to South Asian Studies,lecture,TR,0940,1055,0940 - 1055am,1006,Chambers Building
SIL,Beginning Dutch,lecture,,,,TBA ,,
SIL,Beginning Italian,lecture,,,,TBA ,,
SIL,Continuing Italian,lecture,,,,TBA ,,
SIL,Intermediate Italian,lecture,,,,TBA ,,
SIL,Beginning American Sign Lang,lecture,,,,TBA ,,
SIL,Continuing Amer Sign Lang,lecture,,,,TBA ,,
SIL,Beginning Korean,lecture,,,,TBA ,,
SIL,Continuing Korean,lecture,,,,TBA ,,
SIL,Beginning Modern Greek,lecture,,,,TBA ,,
SIL,Continuing Modern Greek,lecture,,,,TBA ,,
SIL,Beginning Vietnamese,lecture,,,,TBA ,,
SIL,Beginning Portuguese,lecture,,,,TBA ,,
SIL,Continuing Portuguese,lecture,,,,TBA ,,
SIL,Intermediate Portuguese,lecture,,,,TBA ,,
SIL,Beginning Hindi,lecture,,,,TBA ,,
SIL,Beginning Japanese,lecture,,,,TBA ,,
SIL,Continuing Japanese,lecture,,,,TBA ,,
SIL,Intermediate Japanese,lecture,,,,TBA ,,
THE,Production Technology,second meeting time,TR,0940,1055,0940 - 1055am,132,Cunningham Fine Arts
THE,Production Technology,lecture,TR,0940,1055,0940 - 1055am,130,Cunningham Fine Arts
THE,Leadrshp&Mgt in Arts,lecture,MWF,1430,1520,0230 - 0320pm,109,Cunningham Fine Arts
THE,Scene Painting,lecture,F,1030,1320,1030 - 0120pm,130,Cunningham Fine Arts
THE,Acting I,lecture,TR,0855,1055,0855 - 1055am,100,Cunningham Fine Arts
THE,Acting I,lecture,TR,1430,1620,0230 - 0420pm,100,Cunningham Fine Arts
THE,Adv Leadrshp&Mgt in Arts,lecture,MWF,1430,1520,0230 - 0320pm,109,Cunningham Fine Arts
THE,Acting II,lecture,MW,1230,1420,1230 - 0220pm,100,Cunningham Fine Arts
THE,August Wilson's Ten-Play Cycle,lecture,TR,1215,1330,1215 - 0130pm,1027,Chambers Building
THE,Technical Direction,lecture,,,,TBA ,,
THE,Advanced Theatre Making,second meeting time,MW,0930,1120,0930 - 1120am,132,Cunningham Fine Arts
THE,Advanced Theatre Making,lecture,MW,0930,1120,0930 - 1120am,100,Cunningham Fine Arts
THE,Honors Thesis,lecture,,,,TBA ,,
WRI,Connections and Conflicts II,second meeting time,R,1505,1620,0305 - 0420pm,HANCE,Chambers Building
WRI,Connections and Conflicts II,lecture,TR,0940,1055,0940 - 1055am,HANCE,Chambers Building
WRI,Writing with Gandhi,lecture,MWF,0830,0920,0830 - 0920am,3196,Chambers Building
WRI,Death,lecture,MWF,0930,1020,0930 - 1020am,2234,Chambers Building
WRI,#MeToo,lecture,TR,0940,1055,0940 - 1055am,2209,Chambers Building
WRI,Politics of Love,lecture,MW,0805,0920,0805 - 0920am,2196,Chambers Building
WRI,Here and There: Writing Place,lecture,MWF,1030,1120,1030 - 1120am,1096,Chambers Building
WRI,Bathing and Culture,lecture,MWF,1130,1220,1130 - 1220pm,B027,Chambers Building
WRI,Are Prisons Obsolete?,lecture,TR,1215,1330,1215 - 0130pm,1086,Chambers Building
WRI,Claiming Disability,lecture,TR,1215,1330,1215 - 0130pm,109,Watson Life Sciences Building
WRI,Dark Academia,lecture,MWF,1230,1320,1230 - 0120pm,3196,Chambers Building
WRI,Death,lecture,MWF,1030,1120,1030 - 1120am,2234,Chambers Building
WRI,"Mindfulness, Yoga and Qi",lecture,MWF,1430,1520,0230 - 0320pm,2187,Chambers Building
WRI,Facebook Friends,lecture,MW,1430,1545,0230 - 0345pm,HANCE,Chambers Building
WRI,"Nuclear Sci, Tech, & Policy",lecture,MWF,1430,1520,0230 - 0320pm,153,Dana Science Building
WRI,Navigating Academic Genre,lecture,TR,1215,1330,1215 - 0130pm,1045,Chambers Building
WRI,God and Evolution,lecture,MWF,1230,1320,1230 - 0120pm,2198,Chambers Building
